"fiscal_year","sex","age_group","online_count","denominator_count","visit_type","proportion"
2022,"female","0～4歳",19426,6328121,"initial",0.0030697895947312
2022,"female","10～14歳",7694,7576484,"initial",0.00101551062471722
2022,"female","15～19歳",8602,6068685,"initial",0.00141744051635569
2022,"female","20～24歳",17406,7179478,"initial",0.00242441024263881
2022,"female","25～29歳",24495,7829138,"initial",0.00312869692678811
2022,"female","30～34歳",24707,8007394,"initial",0.00308552320517761
2022,"female","35～39歳",22720,8524423,"initial",0.00266528303440597
2022,"female","40～44歳",19268,8574471,"initial",0.00224713571251218
2022,"female","45～49歳",16121,9194588,"initial",0.00175331401472257
2022,"female","5～9歳",11717,8784918,"initial",0.00133376316090827
2022,"female","50～54歳",13150,8783825,"initial",0.00149706989836432
2022,"female","55～59歳",8637,7127099,"initial",0.00121185351852135
2022,"female","60～64歳",4955,6266135,"initial",0.000790758577655923
2022,"female","65～69歳",3196,6008655,"initial",0.0005318994017796
2022,"female","70～74歳",2683,7473077,"initial",0.000359022127030138
2022,"female","75～79歳",2051,6045152,"initial",0.000339280137207468
2022,"female","80～84歳",1971,4809229,"initial",0.000409837002979064
2022,"female","85～89歳",1908,3153993,"initial",0.000604947442812968
2022,"female","90歳以上",1541,1917615,"initial",0.000803602391512373
2022,"male","0～4歳",21232,6981213,"initial",0.00304130528605845
2022,"male","10～14歳",8788,8610978,"initial",0.00102055771133082
2022,"male","15～19歳",9097,6008218,"initial",0.00151409286414042
2022,"male","20～24歳",13221,5062842,"initial",0.00261137914238683
2022,"male","25～29歳",17234,5232887,"initial",0.00329340190223867
2022,"male","30～34歳",17286,5477745,"initial",0.00315567811206984
2022,"male","35～39歳",16512,5880465,"initial",0.00280794120873094
2022,"male","40～44歳",14752,5938816,"initial",0.00248399681013859
2022,"male","45～49歳",12971,6344166,"initial",0.00204455558067049
2022,"male","5～9歳",12606,9552892,"initial",0.00131960038907589
2022,"male","50～54歳",10688,5871946,"initial",0.00182018022645304
2022,"male","55～59歳",7414,4998509,"initial",0.00148324230285471
2022,"male","60～64歳",4508,4605605,"initial",0.000978807344529112
2022,"male","65～69歳",2899,4552014,"initial",0.000636860958687737
2022,"male","70～74歳",2365,5549516,"initial",0.000426163290636517
2022,"male","75～79歳",1585,4378660,"initial",0.000361982889742524
2022,"male","80～84歳",1241,3374275,"initial",0.000367782708878203
2022,"male","85～89歳",1014,1955685,"initial",0.00051848840687534
2022,"male","90歳以上",605,839016,"initial",0.000721082792223271
2023,"female","0～4歳",35920,6441544,"initial",0.00557630282429182
2023,"female","10～14歳",8525,9199566,"initial",0.000926674149628363
2023,"female","15～19歳",8477,7260764,"initial",0.00116750799227189
2023,"female","20～24歳",23076,7759880,"initial",0.00297375732614422
2023,"female","25～29歳",34207,8574930,"initial",0.00398918708374296
2023,"female","30～34歳",35281,8729013,"initial",0.00404180862143292
2023,"female","35～39歳",30853,9245067,"initial",0.00333723920010531
2023,"female","40～44歳",22730,9252386,"initial",0.00245666361087832
2023,"female","45～49歳",16326,9708023,"initial",0.0016817018253871
2023,"female","5～9歳",17005,10724252,"initial",0.00158565837505497
2023,"female","50～54歳",11935,9739293,"initial",0.00122544829486083
2023,"female","55～59歳",7686,7976142,"initial",0.000963623766979073
2023,"female","60～64歳",4185,6926990,"initial",0.00060415851618091
2023,"female","65～69歳",2121,6340572,"initial",0.000334512406767087
2023,"female","70～74歳",1510,7456368,"initial",0.000202511464026454
2023,"female","75～79歳",1173,6654050,"initial",0.000176283616744689
2023,"female","80～84歳",1185,5195378,"initial",0.000228087349948358
2023,"female","85～89歳",1335,3285533,"initial",0.000406326766463767
2023,"female","90歳以上",1188,2013080,"initial",0.000590140481252608
2023,"male","0～4歳",40111,7106069,"initial",0.00564461166926468
2023,"male","10～14歳",9870,10577341,"initial",0.000933126765980221
2023,"male","15～19歳",7834,7541765,"initial",0.00103874888703109
2023,"male","20～24歳",13210,5563433,"initial",0.00237443319619379
2023,"male","25～29歳",19582,5816993,"initial",0.00336634408877576
2023,"male","30～34歳",20508,6076883,"initial",0.00337475643352028
2023,"male","35～39歳",18546,6486549,"initial",0.0028591474449665
2023,"male","40～44歳",15092,6499113,"initial",0.00232216303978712
2023,"male","45～49歳",11841,6848466,"initial",0.00172900033379738
2023,"male","5～9歳",19252,11581969,"initial",0.00166223895090722
2023,"male","50～54歳",9006,6670005,"initial",0.0013502238753944
2023,"male","55～59歳",5904,5666776,"initial",0.00104186225112833
2023,"male","60～64歳",3549,5133614,"initial",0.000691325837898993
2023,"male","65～69歳",1925,4826248,"initial",0.000398860564148382
2023,"male","70～74歳",1301,5603123,"initial",0.000232191940101975
2023,"male","75～79歳",910,4855972,"initial",0.000187398115145639
2023,"male","80～84歳",754,3634377,"initial",0.000207463342410542
2023,"male","85～89歳",616,2040395,"initial",0.000301902327735561
2023,"male","90歳以上",448,887626,"initial",0.000504717076786845
2024,"female","0～4歳",67294,5918734,"initial",0.0113696611471304
2024,"female","10～14歳",11803,8965699,"initial",0.00131646177280768
2024,"female","15～19歳",10936,7388976,"initial",0.00148004270145146
2024,"female","20～24歳",35676,7708680,"initial",0.00462802970158315
2024,"female","25～29歳",53053,8570813,"initial",0.0061899612090475
2024,"female","30～34歳",57270,8755494,"initial",0.00654103583418594
2024,"female","35～39歳",47522,9086599,"initial",0.00522989954767455
2024,"female","40～44歳",34681,9330279,"initial",0.00371703782920103
2024,"female","45～49歳",24447,9821216,"initial",0.00248920296631293
2024,"female","5～9歳",27177,9656819,"initial",0.00281428076885359
2024,"female","50～54歳",18450,10383928,"initial",0.00177678427662441
2024,"female","55～59歳",11273,8593692,"initial",0.0013117761260236
2024,"female","60～64歳",6165,7395721,"initial",0.000833590125966082
2024,"female","65～69歳",2944,6637006,"initial",0.000443573502871626
2024,"female","70～74歳",1860,7278756,"initial",0.000255538171632625
2024,"female","75～79歳",1642,7270676,"initial",0.000225838697804716
2024,"female","80～84歳",1625,5583579,"initial",0.000291031970712692
2024,"female","85～89歳",1701,3360724,"initial",0.000506140938678689
2024,"female","90歳以上",1680,2102270,"initial",0.000799136171852331
2024,"male","0～4歳",75308,6509227,"initial",0.0115694229130433
2024,"male","10～14歳",13781,10140792,"initial",0.00135896683414865
2024,"male","15～19歳",9942,7480432,"initial",0.00132906762604085
2024,"male","20～24歳",20773,5528878,"initial",0.00375718183689349
2024,"male","25～29歳",31603,5825778,"initial",0.0054246831925281
2024,"male","30～34歳",33879,6093613,"initial",0.00555975576394497
2024,"male","35～39歳",30108,6426992,"initial",0.00468461762516586
2024,"male","40～44歳",24660,6558295,"initial",0.00376012362969339
2024,"male","45～49歳",19390,6884394,"initial",0.00281651515006259
2024,"male","5～9歳",31556,10417643,"initial",0.00302909208925666
2024,"male","50～54歳",14472,7087657,"initial",0.00204185953129504
2024,"male","55～59歳",9113,6023757,"initial",0.00151284323056192
2024,"male","60～64歳",5519,5413763,"initial",0.00101943878961824
2024,"male","65～69歳",2619,4994902,"initial",0.000524334611569957
2024,"male","70～74歳",1618,5440708,"initial",0.000297387766445102
2024,"male","75～79歳",1242,5288204,"initial",0.000234862346460159
2024,"male","80～84歳",1004,3869986,"initial",0.000259432463063174
2024,"male","85～89歳",771,2101450,"initial",0.000366889528658783
2024,"male","90歳以上",576,939302,"initial",0.000613221306885325
2022,"female","0～4歳",21561,9409572,"followup",0.00229139008660543
2022,"female","10～14歳",11235,9976770,"followup",0.00112611596739225
2022,"female","15～19歳",9494,9369349,"followup",0.00101330412603907
2022,"female","20～24歳",16501,11061486,"followup",0.00149175255476525
2022,"female","25～29歳",23907,14549269,"followup",0.00164317533753758
2022,"female","30～34歳",25708,17339603,"followup",0.001482617566273
2022,"female","35～39歳",27767,20790050,"followup",0.00133559082349489
2022,"female","40～44歳",26606,24429597,"followup",0.00108908878030202
2022,"female","45～49歳",25221,33259322,"followup",0.000758313714272347
2022,"female","5～9歳",17209,10698933,"followup",0.00160847815384955
2022,"female","50～54歳",21930,40368044,"followup",0.000543251488727073
2022,"female","55～59歳",16089,39947939,"followup",0.00040274918813709
2022,"female","60～64歳",11773,43145211,"followup",0.000272869218324138
2022,"female","65～69歳",9530,53068488,"followup",0.000179579263686578
2022,"female","70～74歳",10510,83933649,"followup",0.000125217956388385
2022,"female","75～79歳",8658,82371235,"followup",0.000105109508191786
2022,"female","80～84歳",8647,74734826,"followup",0.000115702416969566
2022,"female","85～89歳",8415,50202979,"followup",0.000167619535087748
2022,"female","90歳以上",8500,27679112,"followup",0.00030709077661162
2022,"male","0～4歳",23739,11349569,"followup",0.00209162127654363
2022,"male","10～14歳",15758,12827303,"followup",0.00122847335874112
2022,"male","15～19歳",9606,9074352,"followup",0.00105858798512555
2022,"male","20～24歳",11214,7038381,"followup",0.00159326413276008
2022,"male","25～29歳",14788,8016721,"followup",0.00184464446249283
2022,"male","30～34歳",16358,9703361,"followup",0.00168580762892363
2022,"male","35～39歳",18101,12768893,"followup",0.0014175856904745
2022,"male","40～44歳",17824,17009497,"followup",0.00104788519025577
2022,"male","45～49歳",18852,25608849,"followup",0.000736151788782073
2022,"male","5～9歳",21368,13787711,"followup",0.0015497858926692
2022,"male","50～54歳",17406,32340980,"followup",0.000538202614763065
2022,"male","55～59歳",14386,35228402,"followup",0.000408363683371162
2022,"male","60～64歳",11184,40024026,"followup",0.000279432159073652
2022,"male","65～69歳",8389,48390217,"followup",0.000173361487508932
2022,"male","70～74歳",8773,71279694,"followup",0.000123078530612098
2022,"male","75～79歳",6643,64952726,"followup",0.000102274383372301
2022,"male","80～84歳",5629,55328417,"followup",0.000101737955018666
2022,"male","85～89歳",4474,32478598,"followup",0.000137752251498048
2022,"male","90歳以上",2789,12644982,"followup",0.000220561800720634
2023,"female","0～4歳",19041,10111920,"followup",0.00188302518216125
2023,"female","10～14歳",11243,10881465,"followup",0.00103322484610298
2023,"female","15～19歳",10147,9862261,"followup",0.00102887157417554
2023,"female","20～24歳",27003,11084069,"followup",0.00243619919724426
2023,"female","25～29歳",40466,14874916,"followup",0.0027204187237091
2023,"female","30～34歳",40100,17727249,"followup",0.00226205430972397
2023,"female","35～39歳",39853,21230054,"followup",0.00187719729775534
2023,"female","40～44歳",35972,24914215,"followup",0.00144383437326843
2023,"female","45～49歳",31832,33463065,"followup",0.000951257752390583
2023,"female","5～9歳",16339,12980354,"followup",0.00125874841317887
2023,"female","50～54歳",27989,42965214,"followup",0.000651433971677646
2023,"female","55～59歳",19986,43079275,"followup",0.000463935384242191
2023,"female","60～64歳",12996,45845122,"followup",0.000283476178774265
2023,"female","65～69歳",9727,54123643,"followup",0.000179718131685999
2023,"female","70～74歳",9429,81595264,"followup",0.000115558177494223
2023,"female","75～79歳",9434,88557597,"followup",0.000106529539187925
2023,"female","80～84歳",10638,78926888,"followup",0.000134782965217126
2023,"female","85～89歳",12705,51315377,"followup",0.000247586605473053
2023,"female","90歳以上",15507,28787604,"followup",0.000538669352267038
2023,"male","0～4歳",21637,12121487,"followup",0.00178501202038991
2023,"male","10～14歳",15414,14116860,"followup",0.0010918858726374
2023,"male","15～19歳",9068,9782339,"followup",0.000926976666827841
2023,"male","20～24歳",13048,7019782,"followup",0.001858747180468
2023,"male","25～29歳",19569,8136948,"followup",0.00240495576474128
2023,"male","30～34歳",21159,9934694,"followup",0.00212980893019956
2023,"male","35～39歳",23127,13126489,"followup",0.0017618572643454
2023,"male","40～44歳",22585,17380860,"followup",0.00129941786539907
2023,"male","45～49歳",23417,25959358,"followup",0.00090206391082553
2023,"male","5～9歳",20859,16244041,"followup",0.0012841016591869
2023,"male","50～54歳",21678,35034019,"followup",0.000618770001808813
2023,"male","55～59歳",17518,38583896,"followup",0.000454023616484971
2023,"male","60～64歳",13121,43265123,"followup",0.00030326967982964
2023,"male","65～69歳",9516,50245122,"followup",0.000189391519439439
2023,"male","70～74歳",8687,70268362,"followup",0.000123626049515712
2023,"male","75～79歳",7745,70391771,"followup",0.000110027065521622
2023,"male","80～84歳",6828,57798979,"followup",0.000118133574643248
2023,"male","85～89歳",5836,33033995,"followup",0.000176666491594492
2023,"male","90歳以上",4825,13140159,"followup",0.000367194947945455
2024,"female","0～4歳",33172,9349997,"followup",0.00354780862496533
2024,"female","10～14歳",14879,11608369,"followup",0.00128174767704231
2024,"female","15～19歳",14398,10381705,"followup",0.00138686275520254
2024,"female","20～24歳",50815,11193457,"followup",0.0045397056512568
2024,"female","25～29歳",78306,15116943,"followup",0.00518001556267031
2024,"female","30～34歳",73801,18011832,"followup",0.00409736222278778
2024,"female","35～39歳",67646,21063263,"followup",0.00321156318467846
2024,"female","40～44歳",58778,24933757,"followup",0.00235736636079352
2024,"female","45～49歳",50025,33176992,"followup",0.00150782204727903
2024,"female","5～9歳",21046,13110218,"followup",0.00160531274155777
2024,"female","50～54歳",42175,44624136,"followup",0.000945116337938733
2024,"female","55～59歳",28864,44809217,"followup",0.000644153188394254
2024,"female","60～64歳",17367,46924696,"followup",0.000370103623047446
2024,"female","65～69歳",12108,54110190,"followup",0.000223765616051247
2024,"female","70～74歳",11597,75907574,"followup",0.000152777903295921
2024,"female","75～79歳",13154,91827515,"followup",0.000143246825311564
2024,"female","80～84歳",16460,80665928,"followup",0.000204051455281095
2024,"female","85～89歳",20149,50275051,"followup",0.000400775326911155
2024,"female","90歳以上",27553,29075784,"followup",0.000947627070004372
2024,"male","0～4歳",37569,11159118,"followup",0.00336666392451446
2024,"male","10～14歳",20724,14961747,"followup",0.00138513236455609
2024,"male","15～19歳",12935,10384057,"followup",0.00124565957216914
2024,"male","20～24歳",26556,7062804,"followup",0.00375997974742043
2024,"male","25～29歳",41605,8223459,"followup",0.00505930655214551
2024,"male","30～34歳",42726,10111541,"followup",0.00422546869957804
2024,"male","35～39歳",43866,13085767,"followup",0.00335219173625818
2024,"male","40～44歳",41787,17243724,"followup",0.00242331644834956
2024,"male","45～49歳",40249,25067896,"followup",0.00160559944879299
2024,"male","5～9歳",27631,16282466,"followup",0.00169697882372363
2024,"male","50～54歳",37124,35426276,"followup",0.00104792273396165
2024,"male","55～59歳",27407,39173376,"followup",0.000699633342809157
2024,"male","60～64歳",19355,43653562,"followup",0.000443377335393616
2024,"male","65～69歳",12587,49787448,"followup",0.000252814725510735
2024,"male","70～74歳",11368,65353713,"followup",0.000173945740466192
2024,"male","75～79歳",11506,73331782,"followup",0.000156903319218398
2024,"male","80～84歳",10702,58933072,"followup",0.000181595827891002
2024,"male","85～89歳",9042,32578700,"followup",0.000277543302832832
2024,"male","90歳以上",8264,13423881,"followup",0.000615619283275828
