"term","estimate","se","rr","rr_lcl","rr_ucl"
"(Intercept)",-5.46439550655184,0.00366902666543098,0.00423490024289674,0.00420455507878621,0.00426546441448074
"age_group5～9歳",-0.861310873024104,0.00568890977568172,0.422607733978739,0.417921720224817,0.427346290407136
"age_group10～14歳",-1.33022296653266,0.00672151295065398,0.264418298295538,0.260957653508724,0.26792483582464
"age_group15～19歳",-1.10998492254302,0.00704510855665417,0.329563930023705,0.325044450474442,0.334146249271866
"age_group20～24歳",-0.637178729115495,0.00584135916855607,0.528782159291825,0.522762623303791,0.534871009366016
"age_group25～29歳",-0.394070144388644,0.00530740633938684,0.674306755746391,0.667328626622065,0.681357853846021
"age_group30～34歳",-0.357177787404237,0.00523569817630363,0.699648098057358,0.692505044943791,0.706864830356594
"age_group35～39歳",-0.480546181977458,0.00527833273216105,0.618445515748892,0.612080350064595,0.62487687426912
"age_group40～44歳",-0.664322925385952,0.00548562732082934,0.514621847162743,0.509118360075159,0.520184826055177
"age_group45～49歳",-0.921633873279606,0.00573157649825753,0.397868443113925,0.393423844622244,0.402363253243823
"age_group50～54歳",-1.10152785586092,0.00610979163315391,0.332362892981861,0.328406520099266,0.336366929005802
"age_group55～59歳",-1.30962408877282,0.00694836247383754,0.269921503839624,0.266270417561543,0.273622653625068
"age_group60～64歳",-1.69189099733715,0.00830824712454596,0.184170927765613,0.181196144770379,0.187194549183321
"age_group65～69歳",-2.17656302129354,0.0102088177085819,0.113430720409562,0.111183609567819,0.115723247182257
"age_group70～74歳",-2.61853845736225,0.0112699270961383,0.0729093451108522,0.0713165033742759,0.074537762691416
"age_group75～79歳",-2.82956307228945,0.0128593887447623,0.0590386436542641,0.0575692058886528,0.0605455884049671
"age_group80～84歳",-2.77995771081152,0.0135033425890025,0.0620411309909644,0.0604206550009187,0.0637050679867585
"age_group85～89歳",-2.47887112723395,0.0140078086197999,0.0838378144182383,0.0815673326671624,0.0861714965611059
"age_group90歳以上",-2.28143497925212,0.0154242893153031,0.102137536260779,0.0990959618896796,0.105272466349694
"sexfemale",0.0186768058105703,0.00101893568714815,1.01885230825391,1.01681957457537,1.02088910558968
"visit_typefollowup",-1.11610208716775,0.00377290615228899,0.327554086747779,0.32514079235083,0.329985293353788
"fiscal_year2023",0.228016958333136,0.00460779938721971,1.25610662672636,1.24481344029292,1.26750226711449
"fiscal_year2024",0.893693717860389,0.00414356522287574,2.44414096555591,2.4243715351135,2.46407160494436
"age_group5～9歳:visit_typefollowup",0.721532014437136,0.00516551376426595,2.05758304416186,2.03685633589331,2.07852066393561
"age_group10～14歳:visit_typefollowup",1.09420023098641,0.00616778821707879,2.98679298343859,2.95090341570512,3.02311904836992
"age_group15～19歳:visit_typefollowup",0.843354697905829,0.00661304442151309,2.32415073700943,2.29422049182772,2.35447145014304
"age_group20～24歳:visit_typefollowup",0.824404234542665,0.00501677747769548,2.28052170447252,2.25820748576949,2.30305641857266
"age_group25～29歳:visit_typefollowup",0.692631839628548,0.00450541250821283,1.99896958366787,1.98139517639785,2.01669987089286
"age_group30～34歳:visit_typefollowup",0.496869012333965,0.00447447915545257,1.64356721758567,1.62921618845868,1.65804465844271
"age_group35～39歳:visit_typefollowup",0.477525235127735,0.00455412734767669,1.612079942744,1.59775440336997,1.62653392556211
"age_group40～44歳:visit_typefollowup",0.440595352187334,0.00476762123016496,1.55363190137884,1.53918155071589,1.5682179167619
"age_group45～49歳:visit_typefollowup",0.352086269658271,0.00503760525265554,1.42203119657241,1.40805956758313,1.43614146061741
"age_group50～54歳:visit_typefollowup",0.222535078810628,0.00538820981318926,1.24923964072284,1.23611597751794,1.26250263594759
"age_group55～59歳:visit_typefollowup",0.134207823813181,0.00618664094164077,1.14363046859409,1.12984675396519,1.15758233946923
"age_group60～64歳:visit_typefollowup",0.105763071510532,0.00751951122644319,1.11155848543243,1.0952962005852,1.12806222269072
"age_group65～69歳:visit_typefollowup",0.15830781530856,0.00949573073926938,1.17152675308111,1.14992437927351,1.19353494709963
"age_group70～74歳:visit_typefollowup",0.245319863553152,0.0107315972516046,1.27803004306312,1.25142879299029,1.30519674800593
"age_group75～79歳:visit_typefollowup",0.290501826670893,0.0120013699748475,1.3370983112871,1.30601320459649,1.36892329093962
"age_group80～84歳:visit_typefollowup",0.302686409647527,0.0124802353143612,1.35348995649244,1.32078353607649,1.3870062824737
"age_group85～89歳:visit_typefollowup",0.362571638814759,0.0127608352325573,1.43702016372005,1.40152426036592,1.47341505911488
"age_group90歳以上:visit_typefollowup",0.748028242969043,0.0138044658769474,2.11282991950558,2.05643004144938,2.17077662686336
"age_group5～9歳:fiscal_year2023",-0.317359543590064,0.00705522802799847,0.728068935541847,0.718070309577922,0.738206785367047
"age_group10～14歳:fiscal_year2023",-0.398742862575888,0.00810823051028461,0.671163260358733,0.660581352614789,0.681914680564781
"age_group15～19歳:fiscal_year2023",-0.455087502455385,0.00870027339190024,0.63439245462203,0.623666169649839,0.645303218398594
"age_group20～24歳:fiscal_year2023",-0.0620885600948807,0.00711250215981758,0.939799654359048,0.926789269660498,0.95299268047949
"age_group25～29歳:fiscal_year2023",5.79304392346832e-05,0.00644950360729891,1.00005793211723,0.987495739515282,1.0127799316699
"age_group30～34歳:fiscal_year2023",-0.0156601298434477,0.00638656633867696,0.984461852407181,0.972215491647755,0.996862472539286
"age_group35～39歳:fiscal_year2023",-0.0683791640840818,0.00641190713566696,0.933906302709135,0.922243028217865,0.94571707842047
"age_group40～44歳:fiscal_year2023",-0.138538581973914,0.00661438864241421,0.87062966001028,0.859415489903486,0.881990159352074
"age_group45～49歳:fiscal_year2023",-0.202213158561718,0.00681962811369912,0.816920775724287,0.806074080293808,0.827913426476539
"age_group50～54歳:fiscal_year2023",-0.281403749848088,0.00714292728034813,0.754723554436246,0.744230941317871,0.765364098692578
"age_group55～59歳:fiscal_year2023",-0.311545546119356,0.00789105102149915,0.732314255673289,0.721075085659552,0.743728607086453
"age_group60～64歳:fiscal_year2023",-0.351158396720998,0.00904589646345558,0.703872253968216,0.691502609786744,0.716463167158669
"age_group65～69歳:fiscal_year2023",-0.387027600566235,0.0103147809268296,0.679072351886552,0.665481412820713,0.692940854864971
"age_group70～74歳:fiscal_year2023",-0.460669991953861,0.0105389274729902,0.630860832200405,0.617963249697887,0.644027601639995
"age_group75～79歳:fiscal_year2023",-0.393097110529662,0.0112754509652794,0.674963198369729,0.660210210165326,0.690045855303286
"age_group80～84歳:fiscal_year2023",-0.281885186929376,0.0114564261739434,0.754360289982525,0.737610197028653,0.771490754052595
"age_group85～89歳:fiscal_year2023",-0.0968148544451595,0.0116036696607248,0.907724051649537,0.887312500513012,0.928605145838322
"age_group90歳以上:fiscal_year2023",0.114902308341331,0.0119485241699203,1.12176384524822,1.09579836818638,1.14834458695967
"age_group5～9歳:fiscal_year2024",-0.585015062159351,0.00645493819458937,0.557097470658103,0.550093650826437,0.564190463473606
"age_group10～14歳:fiscal_year2024",-0.81545573738292,0.00748582336748513,0.442437646033073,0.435993496868661,0.448977042165047
"age_group15～19歳:fiscal_year2024",-0.878964928573806,0.00802601090665973,0.415212463891795,0.408731871039641,0.421795808906654
"age_group20～24歳:fiscal_year2024",-0.19901561827926,0.00640847330661803,0.81953709347378,0.809307588453414,0.829895897631402
"age_group25～29歳:fiscal_year2024",-0.118788381696253,0.00581378463217912,0.887995697023243,0.877934403358081,0.898172295009354
"age_group30～34歳:fiscal_year2024",-0.149092282882404,0.00575899400396243,0.86148961048615,0.851820111544498,0.871268873459568
"age_group35～39歳:fiscal_year2024",-0.236718396948388,0.00579570188628148,0.789213501658562,0.780299098920944,0.798229745570005
"age_group40～44歳:fiscal_year2024",-0.334535965697045,0.0059737952212727,0.715670104790853,0.707339447652066,0.72409887585301
"age_group45～49歳:fiscal_year2024",-0.420572100431226,0.0061637450091183,0.656671030550955,0.648785554973861,0.664652347850479
"age_group50～54歳:fiscal_year2024",-0.560567258225785,0.00646171174047694,0.570885132693696,0.56370049078984,0.578161346416506
"age_group55～59歳:fiscal_year2024",-0.652199194302212,0.00719002198667664,0.520898958163943,0.513609701590031,0.528291665395496
"age_group60～64歳:fiscal_year2024",-0.729408471821879,0.00829825079023782,0.482194137165081,0.474414890666677,0.490100944322464
"age_group65～69歳:fiscal_year2024",-0.841206559081023,0.00961046657183653,0.431189953289131,0.423143855612183,0.439389047841654
"age_group70～74歳:fiscal_year2024",-0.875413199200245,0.00984354374930295,0.416689808206636,0.408727524200116,0.424807202801132
"age_group75～79歳:fiscal_year2024",-0.795474219707932,0.0103574925937618,0.451367136970006,0.442296456711806,0.460623840062208
"age_group80～84歳:fiscal_year2024",-0.595690637406787,0.0104409983801465,0.551181767639545,0.540016818665558,0.562577554026891
"age_group85～89歳:fiscal_year2024",-0.365076784253007,0.0106371090310025,0.694143349553079,0.679821158265625,0.70876727484922
"age_group90歳以上:fiscal_year2024",-0.069575591684958,0.010917565646372,0.932789619580406,0.913041431086272,0.952964941976158
"visit_typefollowup:fiscal_year2023",0.118961595565454,0.00293551018081413,1.12632666151918,1.11986483569718,1.13282577326323
"visit_typefollowup:fiscal_year2024",0.176050305409824,0.00267370324544373,1.19249804624474,1.18626515575345,1.19876368567389
