prefecture_code,sma_code,area_name,online_primary_count,standard_base_count,online_per_10000_standard_base,online_primary_missing_components
13,1301,区中央部,348805.3333333333,21184648.666666668,164.65004391702126,0
13,1304,区西部,212617.0,15878433.0,133.90301171406523,0
13,1303,区西南部,61425.0,18092035.0,33.95140458218216,1
23,2313,名古屋・尾張中部,57889.333333333336,32276020.666666668,17.935709587991134,1
14,1412,横浜,41313.0,42845515.333333336,9.64231604605277,0
27,2708,大阪市,40834.0,40626310.0,10.051122043818403,0
13,1305,区西北部,36165.0,21135081.666666668,17.111360424520083,0
13,1306,区東北部,33676.0,14795785.333333334,22.760535680476213,0
01,0104,札幌,17164.0,24931775.666666668,6.884387309383646,1
12,1201,千葉,16620.333333333332,10632523.0,15.631598759140546,1
11,1104,さいたま,15058.333333333334,15186332.666666666,9.91571412523164,0
11,1101,南部,14939.0,7547595.666666667,19.793058160199095,0
14,1410,相模原,14140.333333333334,7492329.0,18.87308116519354,0
12,1202,東葛南部,13418.0,17058724.666666668,7.8657697232309705,0
28,2811,阪神,13313.0,21779991.666666668,6.112490860304124,1
13,1302,区南部,13303.333333333334,12910947.0,10.303917546352977,0
13,1307,区東部,12904.333333333334,15712930.666666666,8.212556656097595,1
28,2801,神戸,12795.333333333334,19398559.333333332,6.596022474383751,0
40,4001,福岡・糸島,12319.666666666666,21167999.666666668,5.819948441357212,1
43,4312,熊本・上益城,11612.333333333334,11060705.0,10.498728004528946,1
11,1103,東部,11326.333333333334,11553725.333333334,9.803187289432996,0
13,1309,南多摩,10459.333333333334,14381024.333333334,7.273009968483237,0
27,2703,北河内,9253.333333333334,12991183.0,7.12277960624012,1
26,2604,京都・乙訓,8197.333333333334,19279684.333333332,4.251798520975093,1
12,1203,東葛北部,7214.0,13269144.0,5.436673232274817,0
32,3203,出雲,7188.333333333333,2242720.0,32.05185370145775,1
13,1311,北多摩南部,6934.666666666667,11643726.666666666,5.9557106287276875,1
13,1312,北多摩北部,5842.333333333333,7021787.666666667,8.320293364989721,0
14,1407,湘南東部,5638.0,7982466.333333333,7.062979992106868,1
09,0903,宇都宮,5587.0,6547339.333333333,8.533237267168781,0
27,2706,堺市,5456.333333333333,9524554.0,5.728702187350014,0
34,3401,広島,4960.333333333333,17358971.333333332,2.8575041908205234,0
27,2701,豊能,4611.333333333333,12363831.0,3.7296961866700804,0
27,2702,三島,4594.333333333333,8764213.666666666,5.24215121638028,1
14,1406,横須賀・三浦,4471.666666666667,8330061.333333333,5.368107733820607,0
14,1404,川崎北部,4418.0,8290994.666666667,5.328673069544048,0
11,1102,南西部,4304.0,6457082.666666667,6.665548858803521,1
21,2101,岐阜,4288.666666666667,10792591.333333334,3.9737135727737183,1
14,1405,川崎南部,4277.0,7594074.666666667,5.632022580411816,1
22,2205,静岡,4145.666666666667,8210265.666666667,5.049369697618799,0
18,1801,福井・坂井,4113.333333333333,4995178.0,8.234608122740237,0
07,0702,県中,3621.6666666666665,5630307.333333333,6.432449335802983,1
14,1409,県央,3594.3333333333335,8447475.333333334,4.254920187988317,0
28,2804,東播磨,3517.3333333333335,9166747.666666666,3.8370570034599334,0
24,2401,北勢,3419.6666666666665,9747742.666666666,3.508162641962782,1
27,2707,泉州,3415.6666666666665,9700756.0,3.521031419269453,1
06,0604,庄内,3368.6666666666665,3138249.0,10.734223659966645,1
17,1702,石川中央,3282.6666666666665,8063684.0,4.070926721169464,1
11,1107,西部,3257.6666666666665,7421215.0,4.389667549945213,0
22,2203,駿東田方,3065.6666666666665,7237511.666666667,4.235802037855091,0
15,1502,新潟,2986.3333333333335,9684339.333333334,3.083672753033781,0
13,1310,北多摩西部,2795.0,7516836.666666667,3.7183194526420906,1
12,1204,印旛,2751.0,7084021.0,3.8833876974673003,1
47,4703,南部,2722.3333333333335,7589454.666666667,3.5869946562695505,1
04,0403,仙台,2662.6666666666665,17188757.0,1.5490745879220158,0
47,4702,中部,2535.6666666666665,4164915.0,6.0881594622379245,1
02,0202,八戸地域,2513.0,3947490.6666666665,6.3660695165671495,1
27,2705,南河内,2461.0,6895345.0,3.5690744988104295,1
14,1408,湘南西部,2428.6666666666665,5976548.0,4.063661275148575,0
10,1010,太田・館林,2337.0,3890699.0,6.006632741314607,0
20,2007,松本,2260.3333333333335,4658540.666666667,4.85202018199977,1
08,0806,つくば,2222.0,3992193.6666666665,5.565862243991002,0
45,4501,宮崎東諸県,2107.3333333333335,5748238.0,3.666050941755253,0
38,3804,松山,2091.6666666666665,8106445.666666667,2.5802512626063776,0
28,2812,播磨姫路,2083.6666666666665,9480351.666666666,2.1978790871154392,1
41,4105,南部,2063.0,2036982.0,10.127728178255872,2
33,3301,県南東部,2051.3333333333335,10512412.666666666,1.951343995311194,0
20,2009,長野,1977.0,5712678.333333333,3.460723472673501,1
11,1106,川越比企,1927.6666666666667,8438232.0,2.284443787118755,0
40,4012,北九州,1916.6666666666667,13798110.0,1.3890791323352738,1
27,2704,中河内,1840.0,9169640.333333334,2.006621779167565,0
40,4004,筑紫,1762.3333333333333,4678138.666666667,3.7671677966507473,0
44,4403,中部,1754.3333333333333,6742138.0,2.6020430512299413,1
22,2208,西部,1735.6666666666667,10427462.0,1.6645149765749965,1
13,1308,西多摩,1715.3333333333333,3338781.0,5.137603614412964,1
46,4601,鹿児島,1706.6666666666667,8959973.0,1.9047676445751196,0
03,0301,盛岡,1669.6666666666667,5223008.0,3.196753033245721,0
24,2402,中勢伊賀,1665.6666666666667,5743539.666666667,2.900069927841826,1
07,0707,いわき,1644.3333333333333,3817487.6666666665,4.307370388361001,1
09,0905,県南,1552.3333333333333,5809548.666666667,2.672037747510621,1
16,1602,富山,1542.3333333333333,5437868.333333333,2.8362829674986,1
26,2606,山城南,1541.0,996558.6666666666,15.463214074033441,0
08,0801,水戸,1467.6666666666667,5555477.0,2.641837355580208,1
19,1904,富士・東部,1445.3333333333333,1671207.3333333333,8.648438194981592,1
40,4006,久留米,1431.3333333333333,6365171.0,2.2486958061823215,0
10,1004,高崎・安中,1398.3333333333333,5020462.333333333,2.7852680500142517,0
25,2502,湖南,1340.6666666666667,3868923.3333333335,3.4652190058043715,0
23,2305,尾張西部,1333.3333333333333,6165204.333333333,2.162675008392531,1
42,4201,長崎,1303.6666666666667,7112608.666666667,1.8328952537151628,1
11,1108,利根,1303.3333333333333,6117298.666666667,2.1305700511816323,0
24,2403,南勢志摩,1275.3333333333333,5086144.0,2.507466035828583,0
34,3402,広島西,1269.3333333333333,1738280.0,7.3022374607849905,1
22,2207,中東遠,1232.0,4984688.0,2.471568932699499,1
08,0805,土浦,1225.0,2765221.3333333335,4.430025131201071,0
23,2310,西三河南部東,1224.3333333333333,4800736.333333333,2.550303220846191,1
12,1209,市原,1212.3333333333333,2665240.3333333335,4.5486829768072194,1
34,3406,福山・府中,1201.0,5972770.333333333,2.0107922002246754,0
06,0601,村山,1199.0,6796940.0,1.7640291072158942,1
04,0406,大崎・栗原,1198.0,2740415.6666666665,4.371599588237649,1
23,2307,知多半島,1158.3333333333333,6754590.0,1.7148832620978227,1
08,0807,取手・竜ヶ崎,1114.0,4456401.333333333,2.499774855705695,0
43,4303,有明,1109.0,1845924.6666666667,6.00782913856723,2
07,0708,会津・南会津,1103.6666666666667,2520084.6666666665,4.37948248828677,2
23,2312,東三河南部,1103.6666666666667,8012362.0,1.3774548212707647,1
15,1504,中越,1080.6666666666667,4113355.6666666665,2.627214260668115,0
29,2901,奈良,1077.6666666666667,4467336.333333333,2.4123248984536576,1
07,0701,県北,1049.6666666666667,4945811.0,2.1223347731376445,1
10,1001,前橋,1036.0,4430259.666666667,2.338463381266064,0
36,3601,東部,1024.3333333333333,6582995.666666667,1.556029177597818,1
39,3902,中央,1005.6666666666666,6055003.666666667,1.6608853140799087,0
23,2309,西三河南部西,992.0,7664733.0,1.29423947318191,1
16,1603,高岡,976.3333333333334,2873050.6666666665,3.3982461383672082,1
01,0119,十勝,969.6666666666666,3407230.0,2.8459090424381874,0
23,2306,尾張北部,955.3333333333334,8371530.333333333,1.1411692907919544,0
33,3302,県南西部,912.6666666666666,8120930.333333333,1.1238449650534703,0
14,1411,県西,907.6666666666666,3446019.6666666665,2.6339567224369684,0
01,0101,南渡島,880.3333333333334,4203425.666666667,2.0943235426152813,1
11,1105,県央,853.3333333333334,5566870.333333333,1.5328780485935516,1
17,1703,能登中部,843.3333333333334,1046541.3333333334,8.058289782470768,1
32,3201,松江,836.6666666666666,2604821.3333333335,3.2119925307737036,1
05,0503,能代・山本,810.3333333333334,917230.0,8.83457075469984,1
03,0307,宮古,808.6666666666666,718644.6666666666,11.252663578755193,2
22,2206,志太榛原,801.0,4848181.333333333,1.6521659255869419,1
26,2605,山城北,759.0,4202925.666666667,1.8058849006529338,1
09,0901,県北,752.6666666666666,3630592.3333333335,2.0731236050829907,1
30,3001,和歌山,750.3333333333334,5881076.0,1.2758436268011728,0
45,4502,都城北諸県,748.0,2546678.0,2.937159703739538,0
20,2001,佐久,728.0,2149404.6666666665,3.386984364972999,1
08,0808,筑西・下妻,711.3333333333334,2206255.6666666665,3.224165467676986,0
23,2308,西三河北部,703.6666666666666,5036144.666666667,1.3972328303515769,1
29,2902,東和,701.0,2233489.6666666665,3.1385862691104163,1
25,2506,湖北,700.6666666666666,1517193.0,4.6181775599193156,1
01,0120,釧路,688.0,2138003.6666666665,3.217955192156671,0
31,3102,中部,683.6666666666666,1003799.3333333334,6.810790204416685,0
11,1109,北部,682.6666666666666,5228066.333333333,1.3057727716920704,2
02,0203,青森地域,680.3333333333334,3463599.6666666665,1.9642377838316383,1
44,4405,南部,661.6666666666666,683954.6666666666,9.674130449191566,2
46,4609,曽於,655.0,644339.0,10.165456382432229,0
21,2103,中濃,649.3333333333334,3629761.0,1.7889148440719194,1
43,4309,芦北,640.3333333333334,594050.6666666666,10.779103017026607,3
01,0117,北網,615.0,2067026.0,2.975289135211652,1
01,0105,後志,614.6666666666666,1899339.6666666667,3.236212445062047,1
40,4002,粕屋,613.6666666666666,2907175.0,2.11086937204216,0
15,1506,上越,612.0,2641062.3333333335,2.317249359380259,0
04,0401,仙南,609.3333333333334,1424718.0,4.27686976182889,1
29,2904,中和,600.3333333333334,4435902.0,1.353351208690664,1
05,0504,秋田周辺,587.3333333333334,4744494.333333333,1.237926093001973,1
01,0109,西胆振,584.3333333333334,1782152.3333333333,3.2788068808932724,1
29,2903,西和,580.3333333333334,3613730.0,1.6059122660888703,1
32,3204,大田,567.6666666666666,515528.0,11.011364400511061,2
15,1505,魚沼,549.6666666666666,1245722.6666666667,4.412432087612865,0
46,4612,奄美,537.6666666666666,995033.0,5.403505880374486,0
46,4603,南薩,527.0,1659311.6666666667,3.176015757538015,1
12,1208,君津,513.6666666666666,3485073.0,1.4739050420655941,0
19,1901,中北,497.0,5704350.333333333,0.8712648609531989,1
23,2302,海部,496.3333333333333,3975741.3333333335,1.2484044904329792,0
28,2805,北播磨,486.3333333333333,2979972.3333333335,1.6320062031895821,1
01,0107,中空知,471.0,838911.0,5.614421553657063,0
05,0507,横手,440.6666666666667,1090433.0,4.0412080950105755,1
03,0302,岩手中部,439.0,2323005.6666666665,1.8897930655069433,2
25,2501,大津,438.0,3698708.3333333335,1.1841971859545561,0
06,0603,置賜,437.3333333333333,2158024.0,2.026545271662101,1
22,2201,賀茂,418.3333333333333,486914.3333333333,8.59151815206371,0
20,2005,飯伊,402.6666666666667,1562574.3333333333,2.576944072847308,1
09,0906,両毛,402.3333333333333,3007224.6666666665,1.3378891766649958,1
02,0201,津軽地域,400.3333333333333,3262892.0,1.226927931826531,1
18,1804,嶺南,394.0,1279786.6666666667,3.0786381063510584,1
15,1503,県央,390.3333333333333,2293280.6666666665,1.702073972047614,1
23,2304,尾張東部,373.3333333333333,6160988.666666667,0.6059633502544991,0
19,1902,峡東,373.0,1294130.6666666667,2.8822437301539874,1
26,2601,丹後,369.0,823159.3333333334,4.482728738624114,1
39,3904,幡多,365.6666666666667,716942.3333333334,5.100363720559581,1
01,0111,日高,356.6666666666667,445739.0,8.001693068514683,1
47,4701,北部,351.3333333333333,870565.6666666666,4.035690204491562,2
03,0304,両磐,349.3333333333333,1292406.3333333333,2.702968287321402,2
01,0112,上川中部,340.0,4378226.0,0.7765702364382286,1
01,0121,根室,327.3333333333333,409039.0,8.002496909422655,0
10,1006,富岡,326.3333333333333,697328.0,4.6797681053009965,2
35,3501,岩国,315.6666666666667,1511552.6666666667,2.08836035705449,1
35,3503,周南,315.6666666666667,3021134.0,1.0448615210932939,1
38,3803,今治,313.3333333333333,1923949.0,1.628594798164262,1
30,3002,那賀,303.3333333333333,1371773.0,2.2112502092790374,1
41,4101,中部,303.3333333333333,4828672.333333333,0.6281920006030643,2
17,1701,南加賀,301.0,2223995.3333333335,1.353420106097345,1
08,0804,鹿行,300.6666666666667,2033394.6666666667,1.4786439228718347,0
37,3707,西部,299.3333333333333,5340994.666666667,0.5604449208711685,1
38,3801,宇摩,297.3333333333333,923885.3333333334,3.2182926019679203,1
21,2102,西濃,296.3333333333333,4063236.3333333335,0.7293037102034182,1
44,4401,東部,295.3333333333333,2321370.6666666665,1.2722368623594795,1
12,1205,香取海匝,292.6666666666667,3007659.3333333335,0.9730711966714316,1
35,3505,宇部・小野田,284.3333333333333,3455122.6666666665,0.8229326734950462,1
35,3504,山口・防府,280.0,3711264.0,0.7544599360217975,1
35,3506,下関,276.3333333333333,3354072.6666666665,0.8238740206185157,1
20,2003,諏訪,262.3333333333333,2026273.3333333333,1.2946591608239757,1
28,2808,但馬,258.6666666666667,1619630.6666666667,1.5970719250397005,1
46,4607,姶良・伊佐,256.0,2785218.0,0.919138106963261,1
40,4003,宗像,250.33333333333334,1751822.6666666667,1.4289878655906572,1
40,4008,有明,245.33333333333334,3122975.0,0.7855757197330537,1
47,4704,宮古,239.66666666666666,534954.3333333334,4.4801331951699295,3
42,4206,五島,238.33333333333334,336123.3333333333,7.09065124904549,2
34,3404,広島中央,238.0,2658081.3333333335,0.895382684552918,1
12,1207,安房,234.66666666666666,1673517.3333333333,1.4022362481257042,1
23,2311,東三河北部,234.33333333333334,531410.6666666666,4.40964677662975,1
31,3101,東部,228.66666666666666,2276499.3333333335,1.004466214061414,2
02,0204,西北五地域,228.33333333333334,1150538.3333333333,1.9845782336674285,1
37,3706,東部,224.33333333333334,6684281.0,0.335613259426606,1
26,2602,中丹,213.66666666666666,1912061.0,1.1174678353183642,1
08,0803,常陸太田・ひたちなか,211.66666666666666,3254840.6666666665,0.6503134510834222,1
34,3403,呉,210.33333333333334,3110777.0,0.6761440416118973,1
46,4610,肝属,208.33333333333334,1734844.6666666667,1.200876005421427,1
04,0409,石巻・登米・気仙沼,203.33333333333334,3432879.0,0.5923113903325266,0
41,4102,東部,198.66666666666666,1464105.3333333333,1.3569151217717488,2
42,4203,県央,186.0,3313736.6666666665,0.5612998820063152,2
42,4202,佐世保県北,185.66666666666666,3540672.3333333335,0.5243825160513299,1
22,2204,富士,182.0,4138870.6666666665,0.439733479631964,1
10,1003,伊勢崎,181.33333333333334,2590381.3333333335,0.7000256332915721,1
43,4302,宇城,177.66666666666666,1069770.3333333333,1.66079261249533,1
10,1002,渋川,177.33333333333334,1165058.3333333333,1.5220983212571617,1
43,4311,天草,175.33333333333334,1261699.0,1.3896605555947446,0
24,2404,東紀州,175.0,602293.6666666666,2.905559358917383,0
41,4104,西部,174.33333333333334,901082.6666666666,1.9347096529804149,1
45,4505,西諸,162.66666666666666,928750.0,1.7514580529385375,1
12,1206,山武長生夷隅,162.66666666666666,3854659.0,0.42200014752710074,1
44,4406,豊肥,153.66666666666666,616215.0,2.493718372104974,1
40,4005,朝倉,152.33333333333334,933969.3333333334,1.631031425728468,2
36,3603,南部,152.0,1490160.0,1.0200246953347292,1
03,0305,気仙,147.33333333333334,533126.3333333334,2.763572611619885,1
41,4103,北部,147.33333333333334,1558669.6666666667,0.9452505330934992,1
09,0902,県西,145.66666666666666,1552301.3333333333,0.9383916868374353,1
46,4611,熊毛,142.0,300153.6666666667,4.730910056071279,1
02,0205,上十三地域,141.0,1827874.6666666667,0.7713876808475562,1
25,2504,東近江,138.0,2182033.6666666665,0.6324375380092669,1
47,4705,八重山,136.33333333333334,493060.0,2.765045498181425,2
20,2002,上小,124.66666666666667,1999284.6666666667,0.6235563586576133,1
38,3806,宇和島,121.66666666666667,1317795.6666666667,0.9232589675637624,1
17,1704,能登北部,120.0,479309.0,2.503604146803002,1
20,2004,上伊那,120.0,1750726.3333333333,0.6854297997078928,1
34,3405,尾三,112.66666666666667,2808404.3333333335,0.40117680110876724,2
07,0703,県南,108.0,1303498.3333333333,0.8285396094356341,1
43,4308,八代,105.33333333333333,1728909.0,0.6092474117106992,1
32,3206,益田,97.33333333333333,733280.3333333334,1.3273686598258692,2
01,0110,東胆振,96.66666666666667,2058706.3333333333,0.46955053812920383,2
08,0802,日立,94.66666666666667,2262221.0,0.4184678095847694,2
35,3502,柳井,90.33333333333333,884657.6666666666,1.021110614162239,1
36,3605,西部,87.0,700712.0,1.2415942641199238,1
45,4506,西都児湯,83.0,844295.0,0.9830687141342778,1
18,1803,丹南,82.33333333333333,1524243.3333333333,0.5401587235633856,1
22,2202,熱海伊東,80.66666666666667,1254297.3333333333,0.6431223643941948,1
25,2503,甲賀,79.0,1280895.0,0.6167562524640974,1
43,4310,球磨,78.66666666666667,1002200.3333333334,0.7849395380364738,1
20,2008,大北,76.66666666666667,538265.0,1.4243294040419991,1
05,0502,北秋田,74.33333333333333,272494.3333333333,2.727885472847753,1
01,0106,南空知,70.33333333333333,1459295.0,0.48196789088795156,1
38,3802,新居浜・西条,69.66666666666667,2507722.0,0.2778085715508604,1
03,0309,二戸,68.33333333333333,497345.6666666667,1.3739605653211013,1
31,3103,西部,65.66666666666667,2835161.6666666665,0.23161524592659916,2
25,2505,湖東,65.33333333333333,1406606.3333333333,0.4644748980939704,2
01,0108,北空知,64.33333333333333,259082.66666666666,2.483119930832887,0
28,2810,淡路,63.333333333333336,1540022.6666666667,0.4112493582345541,1
30,3006,田辺,61.666666666666664,1361697.3333333333,0.4528661777996677,1
01,0115,留萌,58.666666666666664,346422.0,1.6935029145570046,1
25,2507,湖西,56.333333333333336,490834.6666666667,1.1477048619222765,1
40,4011,田川,56.0,1501770.6666666667,0.3728931536816984,1
26,2603,南丹,55.0,1194418.6666666667,0.46047505397325783,1
21,2104,東濃,54.666666666666664,3677384.0,0.14865639994807903,2
42,4209,対馬,49.0,228306.33333333334,2.1462391903276155,1
30,3004,有田,47.666666666666664,778923.3333333334,0.6119558193574891,1
05,0506,大仙・仙北,47.333333333333336,1241188.6666666667,0.3813548625162008,2
10,1005,藤岡,46.0,726798.3333333334,0.6329128437737198,2
44,4409,北部,45.666666666666664,1919563.3333333333,0.23790132825347432,2
10,1009,桐生,45.333333333333336,1737098.6666666667,0.2609715510306841,1
15,1501,下越,44.666666666666664,2112053.3333333335,0.21148455847074565,2
43,4306,阿蘇,44.333333333333336,421058.0,1.0529032421503293,1
33,3305,津山・英田,42.666666666666664,1838549.3333333333,0.232067020955652,2
40,4007,八女・筑後,41.333333333333336,1679634.6666666667,0.24608525981046672,2
16,1604,砺波,39.666666666666664,1102665.6666666667,0.35973430447488314,2
15,1507,佐渡,38.666666666666664,459713.3333333333,0.8411038763287265,2
05,0501,大館・鹿角,37.0,983567.0,0.37618179544454017,2
30,3005,御坊,36.0,767203.6666666666,0.4692365477919596,1
18,1802,奥越,33.0,465893.3333333333,0.7083166390017744,1
40,4009,飯塚,30.666666666666668,2320119.0,0.13217712827086311,3
38,3805,八幡浜・大洲,28.666666666666668,1539312.6666666667,0.1862303045211954,1
34,3407,備北,27.333333333333332,1044583.6666666666,0.2616672479721586,1
43,4305,菊池,26.333333333333332,1814453.6666666667,0.1451309218697786,1
09,0904,県東,24.666666666666668,1281848.6666666667,0.1924304117022654,1
06,0602,最上,24.333333333333332,660156.6666666666,0.3685993728761354,1
39,3903,高幡,24.0,366149.6666666667,0.655469666775608,1
01,0116,宗谷,22.0,409536.6666666667,0.5371924369816296,1
30,3007,新宮,22.0,792095.0,0.2777444624697795,2
21,2105,飛騨,20.333333333333332,1393181.6666666667,0.14594890113636771,1
07,0706,相双,19.666666666666668,1278959.0,0.15377089231685043,1
01,0118,遠紋,18.0,455608.0,0.3950764692454917,1
46,4605,川薩,12.333333333333334,1506696.0,0.08185681340717262,2
11,1110,秩父,9.666666666666666,1025021.6666666666,0.09430694960919525,2
45,4503,延岡西臼杵,9.333333333333334,1568913.6666666667,0.05948914546179618,2
46,4606,出水,9.333333333333334,980856.0,0.09515498027573197,1
03,0303,胆江,8.0,1380724.3333333333,0.0579406026740071,1
08,0809,古河・坂東,5.333333333333333,2099968.6666666665,0.02539720433923935,1
42,4208,壱岐,5.0,246007.0,0.20324624909047304,1
16,1601,新川,5.0,1118133.0,0.04471739945069146,2
10,1007,吾妻,0.0,334570.3333333333,0.0,1
01,0103,北渡島檜山,0.0,203928.0,0.0,0
45,4507,日向入郷,0.0,888322.0,0.0,0
20,2006,木曽,0.0,151770.66666666666,0.0,1
44,4408,西部,0.0,1013171.6666666666,0.0,2
45,4504,日南串間,0.0,749394.3333333334,0.0,1
19,1903,峡南,0.0,366723.0,0.0,1
10,1008,沼田,0.0,804497.6666666666,0.0,2
32,3205,浜田,0.0,934424.6666666666,0.0,3
40,4013,京築,0.0,2022850.0,0.0,1
20,2010,北信,0.0,882808.6666666666,0.0,1
03,0306,釜石,0.0,386220.3333333333,0.0,2
32,3207,隠岐,0.0,160018.66666666666,0.0,1
02,0206,下北地域,0.0,590336.6666666666,0.0,1
32,3202,雲南,0.0,434896.0,0.0,2
33,3303,高梁・新見,0.0,481808.0,0.0,2
33,3304,真庭,0.0,434772.0,0.0,2
30,3003,橋本,0.0,988243.3333333334,0.0,1
29,2905,南和,0.0,563870.3333333334,0.0,1
35,3507,長門,0.0,344441.3333333333,0.0,2
35,3508,萩,0.0,570449.6666666666,0.0,2
28,2809,丹波,0.0,1082284.3333333333,0.0,0
37,3702,小豆,0.0,229168.66666666666,0.0,0
43,4304,鹿本,0.0,649538.6666666666,0.0,2
03,0308,久慈,0.0,414019.0,0.0,2
39,3901,安芸,0.0,493578.0,0.0,0
05,0505,由利本荘・にかほ,0.0,930206.0,0.0,3
05,0508,湯沢・雄勝,0.0,427488.3333333333,0.0,3
01,0114,富良野,0.0,310012.3333333333,0.0,0
40,4010,直方・鞍手,0.0,1211457.3333333333,0.0,0
01,0113,上川北部,0.0,512133.3333333333,0.0,1
01,0102,南檜山,0.0,117412.0,0.0,0
42,4204,県南,0.0,1520105.3333333333,0.0,1
42,4207,上五島,0.0,152060.0,0.0,0
13,1313,島しょ,0.0,146168.0,0.0,1
