area_type,prefecture_code,sma_code,prefecture_name,area_name,column,fiscal_year,online_primary_count,online_primary_missing_components,standard_base_count,standard_base_missing_components,population_known_thousand,population_65plus_thousand,population_75plus_thousand,share_65plus,share_75plus,clinic_count_2023,remote_home_support_facilities_2023,online_per_100k_provider_location,standard_base_per_100k_provider_location,online_per_10000_standard_base,clinic_per_100k,online_per_clinic,online_components_complete,standard_base_components_complete
prefecture,01,,北海道,北海道,6,2022,30462.0,0,49625935.0,0,5183.0,1686.0,864.0,0.32529423114026623,0.16669882307543893,3403.0,29.0,587.7291144125024,957475.1109396103,6.1383226331151235,65.65695543121744,8.951513370555393,True,True
prefecture,02,,青森県,青森県,7,2022,2421.0,0,13691679.0,0,1222.0,419.0,211.0,0.34288052373158756,0.17266775777414076,850.0,3.0,198.11783960720132,1120431.9967266775,1.768227256861631,69.55810147299509,2.848235294117647,True,True
prefecture,03,,岩手県,岩手県,8,2022,1161.0,0,12513229.0,0,1197.0,409.0,213.0,0.341687552213868,0.17794486215538846,879.0,9.0,96.99248120300751,1045382.5396825396,0.9278180715784871,73.43358395989975,1.3208191126279865,True,True
prefecture,04,,宮城県,宮城県,9,2022,2477.0,0,23957241.0,0,2290.0,655.0,322.0,0.28602620087336245,0.1406113537117904,1724.0,11.0,108.16593886462883,1046167.729257642,1.0339254006753114,75.28384279475982,1.4367749419953597,True,True
prefecture,05,,秋田県,秋田県,10,2022,1518.0,0,10430759.0,0,945.0,360.0,188.0,0.38095238095238093,0.19894179894179895,806.0,7.0,160.63492063492063,1103784.0211640212,1.4553111619202401,85.29100529100529,1.8833746898263026,True,True
prefecture,06,,山形県,山形県,11,2022,2537.0,0,12527283.0,0,1055.0,362.0,188.0,0.34312796208530805,0.17819905213270143,881.0,1.0,240.4739336492891,1187420.1895734598,2.025179761645043,83.50710900473933,2.8796821793416574,True,True
prefecture,07,,福島県,福島県,12,2022,3686.0,0,19140357.0,0,1812.0,585.0,289.0,0.3228476821192053,0.15949227373068434,1372.0,9.0,203.42163355408388,1056311.0927152317,1.9257739027542695,75.71743929359823,2.686588921282799,True,True
prefecture,08,,茨城県,茨城県,13,2022,3759.0,0,27746500.0,0,2852.0,860.0,424.0,0.3015427769985975,0.14866760168302945,1760.0,11.0,131.80224403927068,972878.6816269285,1.35476546591462,61.711079943899016,2.1357954545454545,True,True
prefecture,09,,栃木県,栃木県,14,2022,8932.0,0,21229148.0,0,1922.0,569.0,273.0,0.29604578563995837,0.14203954214360043,1482.0,5.0,464.7242455775234,1104534.2351716962,4.2074227378319655,77.10718002081165,6.026990553306343,True,True
prefecture,10,,群馬県,群馬県,15,2022,5683.0,0,20876840.0,0,1927.0,589.0,299.0,0.30565646081992737,0.1551634665282823,1563.0,9.0,294.91437467566163,1083385.5734302024,2.722155268709249,81.11053450960041,3.635956493921945,True,True
prefecture,11,,埼玉県,埼玉県,16,2022,61830.0,0,71190462.0,0,7340.0,2000.0,1013.0,0.2724795640326976,0.13801089918256132,4530.0,37.0,842.3705722070845,969897.302452316,8.685152232893222,61.716621253406,13.649006622516556,True,True
prefecture,12,,千葉県,千葉県,17,2022,40366.0,0,59936851.0,0,6275.0,1748.0,892.0,0.2785657370517928,0.14215139442231076,3942.0,50.0,643.2828685258964,955168.9402390438,6.734754883936095,62.820717131474105,10.23997970573313,True,True
prefecture,13,,東京都,東京都,18,2022,425897.0,0,153463340.0,0,14010.0,3202.0,1701.0,0.22855103497501786,0.12141327623126338,14894.0,212.0,3039.950035688794,1095384.2969307636,27.752360922159,106.30977872947895,28.595206123271115,True,True
prefecture,14,,神奈川県,神奈川県,19,2022,57064.0,0,94970005.0,0,9236.0,2376.0,1248.0,0.2572542226071893,0.13512343005630142,7150.0,76.0,617.8432221741014,1028259.0407102642,6.0086339892263885,77.41446513642269,7.980979020979021,True,True
prefecture,15,,新潟県,新潟県,20,2022,8617.0,0,22003504.0,0,2178.0,723.0,371.0,0.3319559228650138,0.17033976124885217,1655.0,12.0,395.6382001836547,1010261.8916437099,3.916194438849376,75.98714416896235,5.2066465256797585,True,True
prefecture,16,,富山県,富山県,21,2022,1891.0,0,10377324.0,0,1026.0,337.0,176.0,0.3284600389863548,0.17153996101364521,744.0,5.0,184.30799220272905,1011435.0877192982,1.8222424201075342,72.51461988304094,2.5416666666666665,True,True
prefecture,17,,石川県,石川県,22,2022,3243.0,0,11551673.0,0,1125.0,338.0,172.0,0.30044444444444446,0.15288888888888888,879.0,5.0,288.26666666666665,1026815.3777777777,2.807385562247131,78.13333333333334,3.689419795221843,True,True
prefecture,18,,福井県,福井県,23,2022,5061.0,0,8130416.0,0,761.0,236.0,121.0,0.31011826544021026,0.1590013140604468,571.0,5.0,665.0459921156373,1068385.8081471748,6.224773738514733,75.03285151116951,8.863397548161121,True,True
prefecture,19,,山梨県,山梨県,24,2022,2140.0,1,8776323.0,0,806.0,252.0,130.0,0.31265508684863524,0.16129032258064516,726.0,3.0,265.50868486352357,1088873.8213399504,2.4383788062494967,90.07444168734492,2.9476584022038566,False,True
prefecture,20,,長野県,長野県,25,2022,8497.0,0,21022442.0,0,2033.0,657.0,355.0,0.32316773241515,0.17461878996556812,1599.0,12.0,417.95376291195277,1034060.1082144614,4.041871063314148,78.65223807181505,5.313946216385241,True,True
prefecture,21,,岐阜県,岐阜県,26,2022,4173.0,0,23027043.0,0,1962.0,605.0,312.0,0.30835881753312944,0.15902140672782875,1598.0,15.0,212.69113149847095,1173651.5290519877,1.8122170527931007,81.44750254841998,2.611389236545682,True,True
prefecture,22,,静岡県,静岡県,27,2022,15056.0,0,40567963.0,0,3607.0,1099.0,568.0,0.30468533407263654,0.1574715830329914,2724.0,27.0,417.4105905184364,1124700.9426115886,3.7113029313303207,75.51982256723039,5.527165932452276,True,True
prefecture,23,,愛知県,愛知県,28,2022,33391.0,0,86345607.0,0,7517.0,1918.0,992.0,0.25515498204070775,0.13196754024211788,5682.0,62.0,444.2064653452175,1148671.105494213,3.8671336226752104,75.58866569110018,5.876627947905667,True,True
prefecture,24,,三重県,三重県,29,2022,7849.0,0,20693193.0,0,1756.0,531.0,276.0,0.30239179954441914,0.1571753986332574,1498.0,6.0,446.98177676537586,1178427.84738041,3.793034743357393,85.30751708428247,5.239652870493992,True,True
prefecture,25,,滋賀県,滋賀県,30,2022,2408.0,0,13924094.0,0,1410.0,376.0,187.0,0.26666666666666666,0.1326241134751773,1143.0,10.0,170.78014184397162,987524.3971631206,1.7293764319603129,81.06382978723404,2.1067366579177604,True,True
prefecture,26,,京都府,京都府,31,2022,13193.0,0,27234796.0,0,2562.0,758.0,400.0,0.29586260733801717,0.156128024980484,2488.0,20.0,514.9492583918814,1063028.7275565965,4.844170670490794,97.11163153786104,5.302652733118971,True,True
prefecture,27,,大阪府,大阪府,32,2022,80448.0,0,103637598.0,0,8806.0,2442.0,1296.0,0.2773109243697479,0.1471723824665001,8877.0,95.0,913.5589370883489,1176897.5471269588,7.762433861116696,100.80626845332728,9.062521122000676,True,True
prefecture,28,,兵庫県,兵庫県,33,2022,29791.0,0,64258309.0,0,5432.0,1608.0,835.0,0.2960235640648012,0.15371870397643594,5196.0,56.0,548.4351988217968,1182958.5603829161,4.6361319592148,95.65537555228276,5.733448806774442,True,True
prefecture,29,,奈良県,奈良県,34,2022,1242.0,0,14817376.0,0,1316.0,423.0,219.0,0.32142857142857145,0.16641337386018237,1213.0,2.0,94.37689969604864,1125940.425531915,0.83820509110385,92.17325227963526,1.0239076669414675,True,True
prefecture,30,,和歌山県,和歌山県,35,2022,1392.0,0,11577917.0,0,914.0,308.0,163.0,0.33698030634573306,0.17833698030634573,1008.0,11.0,152.29759299781182,1266730.5251641138,1.2022888054906595,110.28446389496717,1.380952380952381,True,True
prefecture,31,,鳥取県,鳥取県,36,2022,1233.0,0,5908442.0,0,549.0,180.0,92.0,0.32786885245901637,0.16757741347905283,474.0,3.0,224.59016393442624,1076218.9435336976,2.0868445522525225,86.33879781420765,2.6012658227848102,True,True
prefecture,32,,島根県,島根県,37,2022,6743.0,0,7457147.0,0,665.0,229.0,121.0,0.3443609022556391,0.18195488721804512,689.0,5.0,1013.984962406015,1121375.4887218045,9.042332141233102,103.60902255639098,9.786647314949201,True,True
prefecture,33,,岡山県,岡山県,38,2022,3182.0,0,20782782.0,0,1876.0,575.0,305.0,0.30650319829424305,0.16257995735607675,1550.0,12.0,169.61620469083155,1107824.2004264393,1.531075098608069,82.62260127931769,2.0529032258064515,True,True
prefecture,34,,広島県,広島県,39,2022,7905.0,0,33599523.0,0,2779.0,827.0,431.0,0.29758906081324216,0.15509175962576466,2521.0,34.0,284.454839870457,1209050.8456279237,2.3527119715360243,90.71608492263404,3.1356604522015075,True,True
prefecture,35,,山口県,山口県,40,2022,1869.0,1,16513839.0,0,1328.0,465.0,245.0,0.3501506024096386,0.1844879518072289,1194.0,8.0,140.7379518072289,1243511.9728915663,1.1317780196355312,89.90963855421687,1.565326633165829,False,True
prefecture,36,,徳島県,徳島県,41,2022,803.0,0,8492787.0,0,712.0,247.0,125.0,0.34691011235955055,0.175561797752809,688.0,5.0,112.78089887640449,1192807.1629213484,0.9455082295128796,96.62921348314607,1.1671511627906976,True,True
prefecture,37,,香川県,香川県,42,2022,458.0,0,11953035.0,0,942.0,303.0,155.0,0.321656050955414,0.16454352441613587,816.0,6.0,48.61995753715499,1268899.6815286623,0.38316628370953487,86.62420382165605,0.5612745098039216,True,True
prefecture,38,,愛媛県,愛媛県,43,2022,3743.0,0,15804013.0,0,1321.0,444.0,230.0,0.336109008327025,0.17411052233156699,1175.0,9.0,283.3459500378501,1196367.3732021197,2.368385801758073,88.94776684330053,3.185531914893617,True,True
prefecture,39,,高知県,高知県,44,2022,1184.0,0,7386916.0,0,684.0,245.0,131.0,0.358187134502924,0.1915204678362573,514.0,2.0,173.09941520467837,1079958.4795321638,1.6028339837626417,75.14619883040936,2.3035019455252916,True,True
prefecture,40,,福岡県,福岡県,45,2022,11025.0,0,60269472.0,0,5123.0,1445.0,721.0,0.28206129221159476,0.1407378489166504,4806.0,39.0,215.2059340230334,1176448.7995315245,1.8292843182697867,93.81221940269373,2.2940074906367043,True,True
prefecture,41,,佐賀県,佐賀県,46,2022,2520.0,0,10556699.0,0,807.0,251.0,126.0,0.3110285006195787,0.15613382899628253,693.0,7.0,312.26765799256503,1308141.140024783,2.3871098342389034,85.8736059479554,3.6363636363636362,True,True
prefecture,42,,長崎県,長崎県,47,2022,1354.0,1,15953591.0,0,1296.0,435.0,219.0,0.33564814814814814,0.16898148148148148,1317.0,5.0,104.4753086419753,1230986.9598765431,0.8487117414505612,101.62037037037037,1.0280941533788914,False,True
prefecture,43,,熊本県,熊本県,48,2022,16311.0,0,20893882.0,0,1729.0,551.0,283.0,0.31868131868131866,0.16367842683632158,1470.0,17.0,943.3776749566223,1208437.3626373627,7.806591422312043,85.02024291497976,11.095918367346938,True,True
prefecture,44,,大分県,大分県,49,2022,2026.0,1,12881852.0,0,1115.0,376.0,195.0,0.33721973094170404,0.17488789237668162,947.0,7.0,181.70403587443946,1155323.0493273542,1.5727552218423253,84.93273542600897,2.139387539598733,False,True
prefecture,45,,宮崎県,宮崎県,50,2022,2520.0,0,12836436.0,0,1060.0,351.0,178.0,0.3311320754716981,0.16792452830188678,906.0,3.0,237.73584905660377,1210984.5283018867,1.9631617374168342,85.47169811320755,2.781456953642384,True,True
prefecture,46,,鹿児島県,鹿児島県,51,2022,4465.0,0,19016470.0,0,1576.0,521.0,265.0,0.33058375634517767,0.1681472081218274,1369.0,13.0,283.31218274111677,1206628.807106599,2.3479646853490683,86.86548223350253,3.2615047479912347,True,True
prefecture,47,,沖縄県,沖縄県,52,2022,4014.0,0,12876357.0,0,1468.0,339.0,156.0,0.23092643051771117,0.10626702997275204,928.0,8.0,273.433242506812,877136.0354223433,3.11734134118835,63.21525885558583,4.325431034482759,True,True
prefecture,01,,北海道,北海道,6,2023,17171.0,0,54179105.0,0,5183.0,1686.0,864.0,0.32529423114026623,0.16669882307543893,3403.0,29.0,331.2946170171715,1045323.2683773877,3.169302999745012,65.65695543121744,5.045841904202175,True,True
prefecture,02,,青森県,青森県,7,2023,5105.0,0,14633700.0,0,1222.0,419.0,211.0,0.34288052373158756,0.17266775777414076,850.0,3.0,417.7577741407529,1197520.458265139,3.4885230666201985,69.55810147299509,6.0058823529411764,True,True
prefecture,03,,岩手県,岩手県,8,2023,3831.0,0,12928518.0,0,1197.0,409.0,213.0,0.341687552213868,0.17794486215538846,879.0,9.0,320.0501253132832,1080076.6917293232,2.9632166656688725,73.43358395989975,4.3583617747440275,True,True
prefecture,04,,宮城県,宮城県,9,2023,4383.0,0,25183366.0,0,2290.0,655.0,322.0,0.28602620087336245,0.1406113537117904,1724.0,11.0,191.39737991266375,1099710.3056768558,1.7404345392113192,75.28384279475982,2.5423433874709978,True,True
prefecture,05,,秋田県,秋田県,10,2023,2292.0,1,10751332.0,0,945.0,360.0,188.0,0.38095238095238093,0.19894179894179895,806.0,7.0,242.53968253968253,1137707.08994709,2.1318288747850036,85.29100529100529,2.8436724565756824,False,True
prefecture,06,,山形県,山形県,11,2023,5466.0,0,12894683.0,0,1055.0,362.0,188.0,0.34312796208530805,0.17819905213270143,881.0,1.0,518.1042654028436,1222244.8341232229,4.238956475316222,83.50710900473933,6.204313280363223,True,True
prefecture,07,,福島県,福島県,12,2023,8547.0,0,19743391.0,0,1812.0,585.0,289.0,0.3228476821192053,0.15949227373068434,1372.0,9.0,471.6887417218543,1089591.1147902869,4.329043577164632,75.71743929359823,6.229591836734694,True,True
prefecture,08,,茨城県,茨城県,13,2023,7763.0,0,29023328.0,0,2852.0,860.0,424.0,0.3015427769985975,0.14866760168302945,1760.0,11.0,272.19495091164094,1017648.2468443197,2.6747449499933293,61.711079943899016,4.410795454545455,True,True
prefecture,09,,栃木県,栃木県,14,2023,7205.0,0,22095472.0,0,1922.0,569.0,273.0,0.29604578563995837,0.14203954214360043,1482.0,5.0,374.86992715920917,1149608.3246618106,3.260849100666417,77.10718002081165,4.861673414304994,True,True
prefecture,10,,群馬県,群馬県,15,2023,5134.0,0,21646709.0,0,1927.0,589.0,299.0,0.30565646081992737,0.1551634665282823,1563.0,9.0,266.4244940321744,1123337.2599896211,2.3717231104275482,81.11053450960041,3.284708893154191,True,True
prefecture,11,,埼玉県,埼玉県,16,2023,45032.0,0,75701997.0,0,7340.0,2000.0,1013.0,0.2724795640326976,0.13801089918256132,4530.0,37.0,613.5149863760219,1031362.3569482289,5.9485881198087815,61.716621253406,9.94083885209713,True,True
prefecture,12,,千葉県,千葉県,17,2023,34289.0,0,63813228.0,0,6275.0,1748.0,892.0,0.2785657370517928,0.14215139442231076,3942.0,50.0,546.4382470119522,1016943.8725099602,5.37333732748953,62.820717131474105,8.698376458650431,True,True
prefecture,13,,東京都,東京都,18,2023,642114.0,0,167600629.0,0,14010.0,3202.0,1701.0,0.22855103497501786,0.12141327623126338,14894.0,212.0,4583.254817987152,1196292.8551034974,38.312147384602,106.30977872947895,43.112259970457906,True,True
prefecture,14,,神奈川県,神奈川県,19,2023,72486.0,0,102379361.0,0,9236.0,2376.0,1248.0,0.2572542226071893,0.13512343005630142,7150.0,76.0,784.8202685145085,1108481.604590732,7.080137958665321,77.41446513642269,10.137902097902098,True,True
prefecture,15,,新潟県,新潟県,20,2023,4214.0,0,22839940.0,0,2178.0,723.0,371.0,0.3319559228650138,0.17033976124885217,1655.0,12.0,193.48025711662075,1048665.748393021,1.8450136033632312,75.98714416896235,2.546223564954683,True,True
prefecture,16,,富山県,富山県,21,2023,2663.0,0,10605935.0,0,1026.0,337.0,176.0,0.3284600389863548,0.17153996101364521,744.0,5.0,259.55165692007796,1033716.8615984406,2.510858307164809,72.51461988304094,3.579301075268817,True,True
prefecture,17,,石川県,石川県,22,2023,4999.0,0,11942216.0,0,1125.0,338.0,172.0,0.30044444444444446,0.15288888888888888,879.0,5.0,444.35555555555555,1061530.3111111112,4.185990271822248,78.13333333333334,5.6871444823663255,True,True
prefecture,18,,福井県,福井県,23,2023,4312.0,0,8349459.0,0,761.0,236.0,121.0,0.31011826544021026,0.1590013140604468,571.0,5.0,566.622864651774,1097169.38239159,5.164406460346712,75.03285151116951,7.551663747810858,True,True
prefecture,19,,山梨県,山梨県,24,2023,1775.0,0,9134446.0,0,806.0,252.0,130.0,0.31265508684863524,0.16129032258064516,726.0,3.0,220.22332506203475,1133305.9553349875,1.9431939276886632,90.07444168734492,2.4449035812672175,True,True
prefecture,20,,長野県,長野県,25,2023,4960.0,0,21620276.0,0,2033.0,657.0,355.0,0.32316773241515,0.17461878996556812,1599.0,12.0,243.9744220363994,1063466.6010821445,2.2941427759756627,78.65223807181505,3.1019387116948094,True,True
prefecture,21,,岐阜県,岐阜県,26,2023,4357.0,0,23858919.0,0,1962.0,605.0,312.0,0.30835881753312944,0.15902140672782875,1598.0,15.0,222.06931702344545,1216050.9174311927,1.8261514698130288,81.44750254841998,2.7265331664580725,True,True
prefecture,22,,静岡県,静岡県,27,2023,9229.0,0,42075316.0,0,3607.0,1099.0,568.0,0.30468533407263654,0.1574715830329914,2724.0,27.0,255.86359855835875,1166490.6016079844,2.193447578623058,75.51982256723039,3.3880323054331867,True,True
prefecture,23,,愛知県,愛知県,28,2023,58128.0,0,90987196.0,0,7517.0,1918.0,992.0,0.25515498204070775,0.13196754024211788,5682.0,62.0,773.2872156445391,1210418.9969402687,6.388591203535935,75.58866569110018,10.230200633579726,True,True
prefecture,24,,三重県,三重県,29,2023,5546.0,0,21455558.0,0,1756.0,531.0,276.0,0.30239179954441914,0.1571753986332574,1498.0,6.0,315.83143507972665,1221842.7107061504,2.5848780069015214,85.30751708428247,3.7022696929238985,True,True
prefecture,25,,滋賀県,滋賀県,30,2023,2502.0,0,14645145.0,0,1410.0,376.0,187.0,0.26666666666666666,0.1326241134751773,1143.0,10.0,177.4468085106383,1038662.7659574468,1.7084159972468693,81.06382978723404,2.188976377952756,True,True
prefecture,26,,京都府,京都府,31,2023,8405.0,0,28943665.0,0,2562.0,758.0,400.0,0.29586260733801717,0.156128024980484,2488.0,20.0,328.064012490242,1129729.31303669,2.903916971123042,97.11163153786104,3.3782154340836015,True,True
prefecture,27,,大阪府,大阪府,32,2023,61154.0,0,113058850.0,0,8806.0,2442.0,1296.0,0.2773109243697479,0.1471723824665001,8877.0,95.0,694.4583238700885,1283884.283443107,5.409041397466894,100.80626845332728,6.889039089782584,True,True
prefecture,28,,兵庫県,兵庫県,33,2023,28110.0,0,68411118.0,0,5432.0,1608.0,835.0,0.2960235640648012,0.15371870397643594,5196.0,56.0,517.4889543446244,1259409.3888070693,4.108981233138158,95.65537555228276,5.409930715935335,True,True
prefecture,29,,奈良県,奈良県,34,2023,3117.0,1,15562241.0,0,1316.0,423.0,219.0,0.32142857142857145,0.16641337386018237,1213.0,2.0,236.85410334346506,1182541.1094224923,2.0029249000834777,92.17325227963526,2.569661995053586,False,True
prefecture,30,,和歌山県,和歌山県,35,2023,1195.0,0,12165836.0,0,914.0,308.0,163.0,0.33698030634573306,0.17833698030634573,1008.0,11.0,130.74398249452955,1331054.2669584246,0.98225884353529,110.28446389496717,1.185515873015873,True,True
prefecture,31,,鳥取県,鳥取県,36,2023,1268.0,0,6246104.0,0,549.0,180.0,92.0,0.32786885245901637,0.16757741347905283,474.0,3.0,230.96539162112933,1137723.8615664844,2.0300654616061466,86.33879781420765,2.6751054852320677,True,True
prefecture,32,,島根県,島根県,37,2023,9987.0,0,7743299.0,0,665.0,229.0,121.0,0.3443609022556391,0.18195488721804512,689.0,5.0,1501.8045112781954,1164405.8646616542,12.897603463330036,103.60902255639098,14.494920174165458,True,True
prefecture,33,,岡山県,岡山県,38,2023,2397.0,0,21745048.0,0,1876.0,575.0,305.0,0.30650319829424305,0.16257995735607675,1550.0,12.0,127.77185501066099,1159117.697228145,1.1023199396938559,82.62260127931769,1.5464516129032257,True,True
prefecture,34,,広島県,広島県,39,2023,7253.0,0,35362096.0,0,2779.0,827.0,431.0,0.29758906081324216,0.15509175962576466,2521.0,34.0,260.9931630082764,1272475.5667506298,2.051066203768012,90.71608492263404,2.8770329234430783,True,True
prefecture,35,,山口県,山口県,40,2023,1218.0,0,17063228.0,0,1328.0,465.0,245.0,0.3501506024096386,0.1844879518072289,1194.0,8.0,91.71686746987952,1284881.626506024,0.7138156977097182,89.90963855421687,1.020100502512563,True,True
prefecture,36,,徳島県,徳島県,41,2023,1702.0,0,8985879.0,0,712.0,247.0,125.0,0.34691011235955055,0.175561797752809,688.0,5.0,239.04494382022472,1262061.6573033708,1.8940829272239255,96.62921348314607,2.4738372093023258,True,True
prefecture,37,,香川県,香川県,42,2023,631.0,0,12465097.0,0,942.0,303.0,155.0,0.321656050955414,0.16454352441613587,816.0,6.0,66.98513800424628,1323258.7048832271,0.5062134694980713,86.62420382165605,0.7732843137254902,True,True
prefecture,38,,愛媛県,愛媛県,43,2023,2355.0,0,16648781.0,0,1321.0,444.0,230.0,0.336109008327025,0.17411052233156699,1175.0,9.0,178.27403482210445,1260316.502649508,1.4145179758205721,88.94776684330053,2.0042553191489363,True,True
prefecture,39,,高知県,高知県,44,2023,1259.0,0,7798483.0,0,684.0,245.0,131.0,0.358187134502924,0.1915204678362573,514.0,2.0,184.06432748538012,1140129.0935672515,1.61441654742339,75.14619883040936,2.4494163424124515,True,True
prefecture,40,,福岡県,福岡県,45,2023,18195.0,0,64923176.0,0,5123.0,1445.0,721.0,0.28206129221159476,0.1407378489166504,4806.0,39.0,355.1629904352918,1267288.2295529963,2.802543116498182,93.81221940269373,3.785892634207241,True,True
prefecture,41,,佐賀県,佐賀県,46,2023,2744.0,1,10929847.0,0,807.0,251.0,126.0,0.3110285006195787,0.15613382899628253,693.0,7.0,340.02478314745974,1354380.049566295,2.5105566436565856,85.8736059479554,3.95959595959596,False,True
prefecture,42,,長崎県,長崎県,47,2023,1958.0,0,16812557.0,0,1296.0,435.0,219.0,0.33564814814814814,0.16898148148148148,1317.0,5.0,151.08024691358025,1297265.200617284,1.1646057170244835,101.62037037037037,1.486712224753227,True,True
prefecture,43,,熊本県,熊本県,48,2023,12827.0,0,21837445.0,0,1729.0,551.0,283.0,0.31868131868131866,0.16367842683632158,1470.0,17.0,741.8739155581261,1263010.12145749,5.873855663975342,85.02024291497976,8.725850340136054,True,True
prefecture,44,,大分県,大分県,49,2023,4000.0,0,13559976.0,0,1115.0,376.0,195.0,0.33721973094170404,0.17488789237668162,947.0,7.0,358.74439461883406,1216141.3452914797,2.9498577283617613,84.93273542600897,4.223864836325237,True,True
prefecture,45,,宮崎県,宮崎県,50,2023,3146.0,0,13539981.0,0,1060.0,351.0,178.0,0.3311320754716981,0.16792452830188678,906.0,3.0,296.79245283018867,1277356.6981132075,2.3234892279390937,85.47169811320755,3.4724061810154527,True,True
prefecture,46,,鹿児島県,鹿児島県,51,2023,3167.0,0,19978953.0,0,1576.0,521.0,265.0,0.33058375634517767,0.1681472081218274,1369.0,13.0,200.9517766497462,1267700.0634517767,1.585168151704446,86.86548223350253,2.3133674214755295,True,True
prefecture,47,,沖縄県,沖縄県,52,2023,6910.0,1,13978446.0,0,1468.0,339.0,156.0,0.23092643051771117,0.10626702997275204,928.0,8.0,470.708446866485,952210.2179836512,4.943324887473185,63.21525885558583,7.446120689655173,False,True
prefecture,01,,北海道,北海道,6,2024,23087.0,0,54093973.0,0,5183.0,1686.0,864.0,0.32529423114026623,0.16669882307543893,3403.0,29.0,445.4370055952151,1043680.7447424271,4.267943121870527,65.65695543121744,6.784307963561563,True,True
prefecture,02,,青森県,青森県,7,2024,4403.0,1,14402817.0,0,1222.0,419.0,211.0,0.34288052373158756,0.17266775777414076,850.0,3.0,360.3109656301146,1178626.5957446808,3.0570408552715764,69.55810147299509,5.18,False,True
prefecture,03,,岩手県,岩手県,8,2024,5579.0,0,12863754.0,0,1197.0,409.0,213.0,0.341687552213868,0.17794486215538846,879.0,9.0,466.08187134502924,1074666.1654135338,4.336992140863391,73.43358395989975,6.346985210466439,True,True
prefecture,04,,宮城県,宮城県,9,2024,7185.0,0,25219702.0,0,2290.0,655.0,322.0,0.28602620087336245,0.1406113537117904,1724.0,11.0,313.75545851528386,1101297.0305676856,2.8489630844963987,75.28384279475982,4.167633410672853,True,True
prefecture,05,,秋田県,秋田県,10,2024,2222.0,1,10639214.0,0,945.0,360.0,188.0,0.38095238095238093,0.19894179894179895,806.0,7.0,235.13227513227514,1125842.7513227514,2.088500146721365,85.29100529100529,2.7568238213399505,False,True
prefecture,06,,山形県,山形県,11,2024,7243.0,0,12838143.0,0,1055.0,362.0,188.0,0.34312796208530805,0.17819905213270143,881.0,1.0,686.5402843601896,1216885.5924170616,5.64178168135376,83.50710900473933,8.221339387060159,True,True
prefecture,07,,福島県,福島県,12,2024,10480.0,0,19604696.0,0,1812.0,585.0,289.0,0.3228476821192053,0.15949227373068434,1372.0,9.0,578.3664459161148,1081936.8653421632,5.345657999491551,75.71743929359823,7.6384839650145775,True,True
prefecture,08,,茨城県,茨城県,13,2024,10671.0,0,29108094.0,0,2852.0,860.0,424.0,0.3015427769985975,0.14866760168302945,1760.0,11.0,374.15848527349226,1020620.4067321178,3.665990634769834,61.711079943899016,6.063068181818182,True,True
prefecture,09,,栃木県,栃木県,14,2024,9744.0,0,22161945.0,0,1922.0,569.0,273.0,0.29604578563995837,0.14203954214360043,1482.0,5.0,506.9719042663892,1153066.8574401664,4.3967260093822995,77.10718002081165,6.574898785425101,True,True
prefecture,10,,群馬県,群馬県,15,2024,5910.0,0,21667912.0,0,1927.0,589.0,299.0,0.30565646081992737,0.1551634665282823,1563.0,9.0,306.69434353918007,1124437.571354437,2.727535537342038,81.11053450960041,3.781190019193858,True,True
prefecture,11,,埼玉県,埼玉県,16,2024,55074.0,0,76731862.0,0,7340.0,2000.0,1013.0,0.2724795640326976,0.13801089918256132,4530.0,37.0,750.3269754768393,1045393.2152588556,7.177461691207233,61.716621253406,12.157615894039735,True,True
prefecture,12,,千葉県,千葉県,17,2024,52690.0,0,64441606.0,0,6275.0,1748.0,892.0,0.2785657370517928,0.14215139442231076,3942.0,50.0,839.6812749003984,1026957.8645418327,8.176394610649524,62.820717131474105,13.366311516996449,True,True
prefecture,13,,東京都,東京都,18,2024,1172880.0,0,170213331.0,0,14010.0,3202.0,1701.0,0.22855103497501786,0.12141327623126338,14894.0,212.0,8371.734475374733,1214941.6916488223,68.90647125635536,106.30977872947895,78.74848932456023,True,True
prefecture,14,,神奈川県,神奈川県,19,2024,114033.0,0,103867087.0,0,9236.0,2376.0,1248.0,0.2572542226071893,0.13512343005630142,7150.0,76.0,1234.6578605456907,1124589.5084452145,10.978742476911863,77.41446513642269,15.94867132867133,True,True
prefecture,15,,新潟県,新潟県,20,2024,4540.0,0,22805138.0,0,2178.0,723.0,371.0,0.3319559228650138,0.17033976124885217,1655.0,12.0,208.44811753902664,1047067.8604224059,1.9907794462809214,75.98714416896235,2.743202416918429,True,True
prefecture,16,,富山県,富山県,21,2024,3297.0,0,10611894.0,0,1026.0,337.0,176.0,0.3284600389863548,0.17153996101364521,744.0,5.0,321.34502923976606,1034297.6608187135,3.106891192090686,72.51461988304094,4.431451612903226,True,True
prefecture,17,,石川県,石川県,22,2024,5539.0,0,11946700.0,0,1125.0,338.0,172.0,0.30044444444444446,0.15288888888888888,879.0,5.0,492.35555555555555,1061928.888888889,4.636426795684164,78.13333333333334,6.301478953356087,True,True
prefecture,18,,福井県,福井県,23,2024,4564.0,0,8315429.0,0,761.0,236.0,121.0,0.31011826544021026,0.1590013140604468,571.0,5.0,599.7371879106439,1092697.6346911958,5.48859235043676,75.03285151116951,7.992994746059544,True,True
prefecture,19,,山梨県,山梨県,24,2024,3044.0,0,9198465.0,0,806.0,252.0,130.0,0.31265508684863524,0.16129032258064516,726.0,3.0,377.66749379652606,1141248.759305211,3.309247792974154,90.07444168734492,4.192837465564739,True,True
prefecture,20,,長野県,長野県,25,2024,4747.0,0,21654262.0,0,2033.0,657.0,355.0,0.32316773241515,0.17461878996556812,1599.0,12.0,233.49729463846532,1065138.3177570093,2.1921781495023938,78.65223807181505,2.9687304565353347,True,True
prefecture,21,,岐阜県,岐阜県,26,2024,7601.0,0,23782501.0,0,1962.0,605.0,312.0,0.30835881753312944,0.15902140672782875,1598.0,15.0,387.41080530071355,1212156.014271152,3.19604737954179,81.44750254841998,4.756570713391739,True,True
prefecture,22,,静岡県,静岡県,27,2024,10818.0,0,42121294.0,0,3607.0,1099.0,568.0,0.30468533407263654,0.1574715830329914,2724.0,27.0,299.91682838924316,1167765.2897144442,2.5682971657993225,75.51982256723039,3.9713656387665197,True,True
prefecture,23,,愛知県,愛知県,28,2024,108130.0,0,91915583.0,0,7517.0,1918.0,992.0,0.25515498204070775,0.13196754024211788,5682.0,62.0,1438.4727949980045,1222769.4958094985,11.764055285380717,75.58866569110018,19.030271031326997,True,True
prefecture,24,,三重県,三重県,29,2024,6455.0,0,21390409.0,0,1756.0,531.0,276.0,0.30239179954441914,0.1571753986332574,1498.0,6.0,367.5968109339408,1218132.6309794988,3.0177076090503925,85.30751708428247,4.309078771695594,True,True
prefecture,25,,滋賀県,滋賀県,30,2024,3657.0,0,14766344.0,0,1410.0,376.0,187.0,0.26666666666666666,0.1326241134751773,1143.0,10.0,259.36170212765956,1047258.4397163121,2.4765778177726325,81.06382978723404,3.199475065616798,True,True
prefecture,26,,京都府,京都府,31,2024,12529.0,0,29047962.0,0,2562.0,758.0,400.0,0.29586260733801717,0.156128024980484,2488.0,20.0,489.032006245121,1133800.2341920375,4.313211370904438,97.11163153786104,5.035771704180064,True,True
prefecture,27,,大阪府,大阪府,32,2024,75884.0,0,113411051.0,0,8806.0,2442.0,1296.0,0.2773109243697479,0.1471723824665001,8877.0,95.0,861.7306382012264,1287883.8405632523,6.691058704675966,100.80626845332728,8.548383462881604,True,True
prefecture,28,,兵庫県,兵庫県,33,2024,39747.0,0,68473254.0,0,5432.0,1608.0,835.0,0.2960235640648012,0.15371870397643594,5196.0,56.0,731.719440353461,1260553.2768777614,5.804748230601104,95.65537555228276,7.649538106235566,True,True
prefecture,29,,奈良県,奈良県,34,2024,4586.0,0,15563368.0,0,1316.0,423.0,219.0,0.32142857142857145,0.16641337386018237,1213.0,2.0,348.4802431610942,1182626.7477203647,2.9466629588145703,92.17325227963526,3.780708985985161,True,True
prefecture,30,,和歌山県,和歌山県,35,2024,1207.0,0,12079282.0,0,914.0,308.0,163.0,0.33698030634573306,0.17833698030634573,1008.0,11.0,132.05689277899344,1321584.4638949672,0.999231576843723,110.28446389496717,1.1974206349206349,True,True
prefecture,31,,鳥取県,鳥取県,36,2024,891.0,0,6191835.0,0,549.0,180.0,92.0,0.32786885245901637,0.16757741347905283,474.0,3.0,162.29508196721312,1127838.7978142076,1.438991833600217,86.33879781420765,1.879746835443038,True,True
prefecture,32,,島根県,島根県,37,2024,9840.0,1,7676621.0,0,665.0,229.0,121.0,0.3443609022556391,0.18195488721804512,689.0,5.0,1479.6992481203008,1154379.0977443608,12.81813964763924,103.60902255639098,14.281567489114659,False,True
prefecture,33,,岡山県,岡山県,38,2024,3525.0,0,21637587.0,0,1876.0,575.0,305.0,0.30650319829424305,0.16257995735607675,1550.0,12.0,187.8997867803838,1153389.498933902,1.6291095675317215,82.62260127931769,2.274193548387097,True,True
prefecture,34,,広島県,広島県,39,2024,9047.0,0,35113985.0,0,2779.0,827.0,431.0,0.29758906081324216,0.15509175962576466,2521.0,34.0,325.54875854623964,1263547.4991003957,2.576466328159564,90.71608492263404,3.588655295517652,True,True
prefecture,35,,山口県,山口県,40,2024,1670.0,0,16981017.0,0,1328.0,465.0,245.0,0.3501506024096386,0.1844879518072289,1194.0,8.0,125.75301204819277,1278691.0391566264,0.9834511089647929,89.90963855421687,1.3986599664991626,True,True
prefecture,36,,徳島県,徳島県,41,2024,1957.0,0,8842937.0,0,712.0,247.0,125.0,0.34691011235955055,0.175561797752809,688.0,5.0,274.85955056179773,1241985.5337078653,2.213065636450876,96.62921348314607,2.8444767441860463,True,True
prefecture,37,,香川県,香川県,42,2024,581.0,0,12345201.0,0,942.0,303.0,155.0,0.321656050955414,0.16454352441613587,816.0,6.0,61.67728237791932,1310530.8917197452,0.4706282222541374,86.62420382165605,0.7120098039215687,True,True
prefecture,38,,愛媛県,愛媛県,43,2024,2720.0,0,16504537.0,0,1321.0,444.0,230.0,0.336109008327025,0.17411052233156699,1175.0,9.0,205.90461771385313,1249397.1990915972,1.6480316897105323,88.94776684330053,2.3148936170212764,True,True
prefecture,39,,高知県,高知県,44,2024,1826.0,0,7709622.0,0,684.0,245.0,131.0,0.358187134502924,0.1915204678362573,514.0,2.0,266.9590643274854,1127137.7192982456,2.3684689080735737,75.14619883040936,3.5525291828793772,True,True
prefecture,40,,福岡県,福岡県,45,2024,27821.0,0,65190931.0,0,5123.0,1445.0,721.0,0.28206129221159476,0.1407378489166504,4806.0,39.0,543.0607066172165,1272514.756978333,4.267618144615851,93.81221940269373,5.788805659592176,True,True
prefecture,41,,佐賀県,佐賀県,46,2024,3503.0,0,10881990.0,0,807.0,251.0,126.0,0.3110285006195787,0.15613382899628253,693.0,7.0,434.07682775712516,1348449.814126394,3.219080333652209,85.8736059479554,5.054834054834055,True,True
prefecture,42,,長崎県,長崎県,47,2024,2777.0,0,16582711.0,0,1296.0,435.0,219.0,0.33564814814814814,0.16898148148148148,1317.0,5.0,214.27469135802468,1279530.1697530865,1.6746357094446138,101.62037037037037,2.108580106302202,True,True
prefecture,43,,熊本県,熊本県,48,2024,13016.0,0,21613601.0,0,1729.0,551.0,283.0,0.31868131868131866,0.16367842683632158,1470.0,17.0,752.8050896471949,1250063.6784268364,6.0221339331655095,85.02024291497976,8.854421768707484,True,True
prefecture,44,,大分県,大分県,49,2024,2759.0,0,13447412.0,0,1115.0,376.0,195.0,0.33721973094170404,0.17488789237668162,947.0,7.0,247.44394618834082,1206045.919282511,2.051695895091189,84.93273542600897,2.9134107708553327,True,True
prefecture,45,,宮崎県,宮崎県,50,2024,3895.0,0,13447356.0,0,1060.0,351.0,178.0,0.3311320754716981,0.16792452830188678,906.0,3.0,367.45283018867923,1268618.4905660378,2.8964801705257153,85.47169811320755,4.299116997792495,True,True
prefecture,46,,鹿児島県,鹿児島県,51,2024,4606.0,0,19703852.0,0,1576.0,521.0,265.0,0.33058375634517767,0.1681472081218274,1369.0,13.0,292.25888324873097,1250244.416243655,2.337613985326321,86.86548223350253,3.364499634769905,True,True
prefecture,47,,沖縄県,沖縄県,52,2024,7687.0,0,14104046.0,0,1468.0,339.0,156.0,0.23092643051771117,0.10626702997275204,928.0,8.0,523.6376021798366,960766.0762942779,5.450209110208518,63.21525885558583,8.283405172413794,True,True
