area_type,prefecture_code,sma_code,prefecture_name,area_name,column,fiscal_year,online_primary_count,online_primary_missing_components,standard_base_count,standard_base_missing_components
secondary_medical_area,01,0101,,南渡島,6,2022,921.0,0,3980222.0,0
secondary_medical_area,01,0102,,南檜山,7,2022,0.0,0,106951.0,0
secondary_medical_area,01,0103,,北渡島檜山,8,2022,0.0,0,198323.0,0
secondary_medical_area,01,0104,,札幌,9,2022,26821.0,1,23088177.0,0
secondary_medical_area,01,0105,,後志,10,2022,315.0,0,1813099.0,0
secondary_medical_area,01,0106,,南空知,11,2022,53.0,1,1405285.0,0
secondary_medical_area,01,0107,,中空知,12,2022,49.0,0,850912.0,0
secondary_medical_area,01,0108,,北空知,13,2022,81.0,0,260894.0,0
secondary_medical_area,01,0109,,西胆振,14,2022,12.0,1,1723183.0,0
secondary_medical_area,01,0110,,東胆振,15,2022,0.0,2,1946960.0,0
secondary_medical_area,01,0111,,日高,16,2022,33.0,0,417700.0,0
secondary_medical_area,01,0112,,上川中部,17,2022,66.0,0,4121287.0,0
secondary_medical_area,01,0113,,上川北部,18,2022,0.0,1,504829.0,0
secondary_medical_area,01,0114,,富良野,19,2022,0.0,0,306265.0,0
secondary_medical_area,01,0115,,留萌,20,2022,23.0,1,336879.0,0
secondary_medical_area,01,0116,,宗谷,21,2022,54.0,0,393025.0,0
secondary_medical_area,01,0117,,北網,22,2022,372.0,0,2034359.0,0
secondary_medical_area,01,0118,,遠紋,23,2022,0.0,0,444165.0,0
secondary_medical_area,01,0119,,十勝,24,2022,505.0,0,3282014.0,0
secondary_medical_area,01,0120,,釧路,25,2022,517.0,0,2016475.0,0
secondary_medical_area,01,0121,,根室,26,2022,0.0,0,394931.0,0
secondary_medical_area,02,0201,,津軽地域,27,2022,240.0,1,3139350.0,0
secondary_medical_area,02,0202,,八戸地域,28,2022,972.0,0,3809554.0,0
secondary_medical_area,02,0203,,青森地域,29,2022,1099.0,0,3326571.0,0
secondary_medical_area,02,0204,,西北五地域,30,2022,70.0,1,1102595.0,0
secondary_medical_area,02,0205,,上十三地域,31,2022,0.0,0,1740874.0,0
secondary_medical_area,02,0206,,下北地域,32,2022,0.0,0,572735.0,0
secondary_medical_area,03,0301,,盛岡,33,2022,629.0,0,5096096.0,0
secondary_medical_area,03,0302,,岩手中部,34,2022,320.0,1,2287482.0,0
secondary_medical_area,03,0303,,胆江,35,2022,0.0,1,1363587.0,0
secondary_medical_area,03,0304,,両磐,36,2022,25.0,1,1273134.0,0
secondary_medical_area,03,0305,,気仙,37,2022,167.0,0,530389.0,0
secondary_medical_area,03,0306,,釜石,38,2022,0.0,2,375697.0,0
secondary_medical_area,03,0307,,宮古,39,2022,0.0,1,694234.0,0
secondary_medical_area,03,0308,,久慈,40,2022,0.0,0,402778.0,0
secondary_medical_area,03,0309,,二戸,41,2022,0.0,0,489832.0,0
secondary_medical_area,04,0401,,仙南,42,2022,38.0,1,1408488.0,0
secondary_medical_area,04,0403,,仙台,43,2022,2266.0,0,16482114.0,0
secondary_medical_area,04,0406,,大崎・栗原,44,2022,24.0,1,2720058.0,0
secondary_medical_area,04,0409,,石巻・登米・気仙沼,45,2022,124.0,0,3346581.0,0
secondary_medical_area,05,0501,,大館・鹿角,46,2022,0.0,1,974181.0,0
secondary_medical_area,05,0502,,北秋田,47,2022,97.0,1,271777.0,0
secondary_medical_area,05,0503,,能代・山本,48,2022,576.0,0,917139.0,0
secondary_medical_area,05,0504,,秋田周辺,49,2022,821.0,0,4609774.0,0
secondary_medical_area,05,0505,,由利本荘・にかほ,50,2022,0.0,1,929633.0,0
secondary_medical_area,05,0506,,大仙・仙北,51,2022,0.0,0,1214582.0,0
secondary_medical_area,05,0507,,横手,52,2022,0.0,1,1094552.0,0
secondary_medical_area,05,0508,,湯沢・雄勝,53,2022,0.0,0,419121.0,0
secondary_medical_area,06,0601,,村山,54,2022,2357.0,0,6658676.0,0
secondary_medical_area,06,0602,,最上,55,2022,15.0,1,642745.0,0
secondary_medical_area,06,0603,,置賜,56,2022,114.0,1,2099552.0,0
secondary_medical_area,06,0604,,庄内,57,2022,35.0,0,3126310.0,0
secondary_medical_area,07,0701,,県北,58,2022,146.0,1,4840193.0,0
secondary_medical_area,07,0702,,県中,59,2022,1260.0,1,5573315.0,0
secondary_medical_area,07,0703,,県南,60,2022,0.0,1,1261578.0,0
secondary_medical_area,07,0706,,相双,61,2022,0.0,1,1249569.0,0
secondary_medical_area,07,0707,,いわき,62,2022,316.0,1,3724253.0,0
secondary_medical_area,07,0708,,会津・南会津,63,2022,1907.0,2,2491449.0,0
secondary_medical_area,08,0801,,水戸,64,2022,17.0,1,5380471.0,0
secondary_medical_area,08,0802,,日立,65,2022,152.0,1,2219074.0,0
secondary_medical_area,08,0803,,常陸太田・ひたちなか,66,2022,209.0,0,3161568.0,0
secondary_medical_area,08,0804,,鹿行,67,2022,110.0,0,1947250.0,0
secondary_medical_area,08,0805,,土浦,68,2022,460.0,0,2695958.0,0
secondary_medical_area,08,0806,,つくば,69,2022,2222.0,0,3787458.0,0
secondary_medical_area,08,0807,,取手・竜ヶ崎,70,2022,517.0,0,4320184.0,0
secondary_medical_area,08,0808,,筑西・下妻,71,2022,61.0,0,2158031.0,0
secondary_medical_area,08,0809,,古河・坂東,72,2022,0.0,0,2076506.0,0
secondary_medical_area,09,0901,,県北,73,2022,170.0,0,3537667.0,0
secondary_medical_area,09,0902,,県西,74,2022,222.0,0,1499539.0,0
secondary_medical_area,09,0903,,宇都宮,75,2022,8018.0,0,6326733.0,0
secondary_medical_area,09,0904,,県東,76,2022,25.0,0,1240662.0,0
secondary_medical_area,09,0905,,県南,77,2022,307.0,0,5683741.0,0
secondary_medical_area,09,0906,,両毛,78,2022,190.0,0,2940806.0,0
secondary_medical_area,10,1001,,前橋,79,2022,526.0,0,4280288.0,0
secondary_medical_area,10,1002,,渋川,80,2022,17.0,1,1141153.0,0
secondary_medical_area,10,1003,,伊勢崎,81,2022,198.0,0,2519040.0,0
secondary_medical_area,10,1004,,高崎・安中,82,2022,734.0,0,4873151.0,0
secondary_medical_area,10,1005,,藤岡,83,2022,13.0,1,716524.0,0
secondary_medical_area,10,1006,,富岡,84,2022,0.0,2,681141.0,0
secondary_medical_area,10,1007,,吾妻,85,2022,0.0,0,339906.0,0
secondary_medical_area,10,1008,,沼田,86,2022,0.0,2,810336.0,0
secondary_medical_area,10,1009,,桐生,87,2022,47.0,0,1726238.0,0
secondary_medical_area,10,1010,,太田・館林,88,2022,4120.0,0,3789063.0,0
secondary_medical_area,11,1101,,南部,89,2022,12116.0,0,7075857.0,0
secondary_medical_area,11,1102,,南西部,90,2022,2450.0,1,6140019.0,0
secondary_medical_area,11,1103,,東部,91,2022,13511.0,0,10968534.0,0
secondary_medical_area,11,1104,,さいたま,92,2022,26500.0,0,14332781.0,0
secondary_medical_area,11,1105,,県央,93,2022,1117.0,0,5385274.0,0
secondary_medical_area,11,1106,,川越比企,94,2022,2134.0,0,8123532.0,0
secondary_medical_area,11,1107,,西部,95,2022,2210.0,0,7165078.0,0
secondary_medical_area,11,1108,,利根,96,2022,942.0,0,5939293.0,0
secondary_medical_area,11,1109,,北部,97,2022,550.0,2,5059600.0,0
secondary_medical_area,11,1110,,秩父,98,2022,0.0,1,1000494.0,0
secondary_medical_area,12,1201,,千葉,99,2022,17644.0,0,10053801.0,0
secondary_medical_area,12,1202,,東葛南部,100,2022,9984.0,0,16220425.0,0
secondary_medical_area,12,1203,,東葛北部,101,2022,8450.0,0,12612454.0,0
secondary_medical_area,12,1204,,印旛,102,2022,2428.0,0,6762912.0,0
secondary_medical_area,12,1205,,香取海匝,103,2022,627.0,0,2975465.0,0
secondary_medical_area,12,1206,,山武長生夷隅,104,2022,108.0,0,3721319.0,0
secondary_medical_area,12,1207,,安房,105,2022,524.0,0,1634037.0,0
secondary_medical_area,12,1208,,君津,106,2022,438.0,0,3392774.0,0
secondary_medical_area,12,1209,,市原,107,2022,163.0,0,2563664.0,0
secondary_medical_area,13,1301,,区中央部,108,2022,133261.0,0,19934765.0,0
secondary_medical_area,13,1302,,区南部,109,2022,14681.0,0,12086377.0,0
secondary_medical_area,13,1303,,区西南部,110,2022,56092.0,1,17095954.0,0
secondary_medical_area,13,1304,,区西部,111,2022,112362.0,0,14833887.0,0
secondary_medical_area,13,1305,,区西北部,112,2022,43487.0,0,19612257.0,0
secondary_medical_area,13,1306,,区東北部,113,2022,27442.0,0,13769079.0,0
secondary_medical_area,13,1307,,区東部,114,2022,14253.0,0,14597112.0,0
secondary_medical_area,13,1308,,西多摩,115,2022,2631.0,0,3189054.0,0
secondary_medical_area,13,1309,,南多摩,116,2022,5891.0,0,13624076.0,0
secondary_medical_area,13,1310,,北多摩西部,117,2022,2233.0,1,7015413.0,0
secondary_medical_area,13,1311,,北多摩南部,118,2022,4436.0,1,10958652.0,0
secondary_medical_area,13,1312,,北多摩北部,119,2022,9121.0,0,6602892.0,0
secondary_medical_area,13,1313,,島しょ,120,2022,0.0,0,141079.0,0
secondary_medical_area,14,1404,,川崎北部,121,2022,4880.0,0,7830234.0,0
secondary_medical_area,14,1405,,川崎南部,122,2022,5467.0,0,7065698.0,0
secondary_medical_area,14,1406,,横須賀・三浦,123,2022,5321.0,0,8070826.0,0
secondary_medical_area,14,1407,,湘南東部,124,2022,2680.0,0,7584969.0,0
secondary_medical_area,14,1408,,湘南西部,125,2022,1909.0,0,5692565.0,0
secondary_medical_area,14,1409,,県央,126,2022,1302.0,0,7984036.0,0
secondary_medical_area,14,1410,,相模原,127,2022,9097.0,0,7107148.0,0
secondary_medical_area,14,1411,,県西,128,2022,1045.0,0,3348583.0,0
secondary_medical_area,14,1412,,横浜,129,2022,25363.0,0,40285946.0,0
secondary_medical_area,15,1501,,下越,130,2022,85.0,1,2061906.0,0
secondary_medical_area,15,1502,,新潟,131,2022,6465.0,0,9396192.0,0
secondary_medical_area,15,1503,,県央,132,2022,65.0,1,2244380.0,0
secondary_medical_area,15,1504,,中越,133,2022,1183.0,0,4029077.0,0
secondary_medical_area,15,1505,,魚沼,134,2022,381.0,0,1216033.0,0
secondary_medical_area,15,1506,,上越,135,2022,286.0,0,2589880.0,0
secondary_medical_area,15,1507,,佐渡,136,2022,0.0,2,466036.0,0
secondary_medical_area,16,1601,,新川,137,2022,0.0,2,1113446.0,0
secondary_medical_area,16,1602,,富山,138,2022,1298.0,0,5354302.0,0
secondary_medical_area,16,1603,,高岡,139,2022,502.0,1,2819713.0,0
secondary_medical_area,16,1604,,砺波,140,2022,0.0,1,1089863.0,0
secondary_medical_area,17,1701,,南加賀,141,2022,218.0,1,2155654.0,0
secondary_medical_area,17,1702,,石川中央,142,2022,2716.0,0,7791116.0,0
secondary_medical_area,17,1703,,能登中部,143,2022,265.0,0,1059923.0,0
secondary_medical_area,17,1704,,能登北部,144,2022,22.0,1,544980.0,0
secondary_medical_area,18,1801,,福井・坂井,145,2022,3983.0,0,4892669.0,0
secondary_medical_area,18,1802,,奥越,146,2022,54.0,1,464560.0,0
secondary_medical_area,18,1803,,丹南,147,2022,10.0,1,1505191.0,0
secondary_medical_area,18,1804,,嶺南,148,2022,962.0,0,1267996.0,0
secondary_medical_area,19,1901,,中北,149,2022,602.0,1,5514882.0,0
secondary_medical_area,19,1902,,峡東,150,2022,704.0,1,1257058.0,0
secondary_medical_area,19,1903,,峡南,151,2022,0.0,1,368417.0,0
secondary_medical_area,19,1904,,富士・東部,152,2022,834.0,1,1635966.0,0
secondary_medical_area,20,2001,,佐久,153,2022,717.0,0,2107230.0,0
secondary_medical_area,20,2002,,上小,154,2022,106.0,1,1937420.0,0
secondary_medical_area,20,2003,,諏訪,155,2022,40.0,1,1993223.0,0
secondary_medical_area,20,2004,,上伊那,156,2022,110.0,1,1733535.0,0
secondary_medical_area,20,2005,,飯伊,157,2022,820.0,0,1559715.0,0
secondary_medical_area,20,2006,,木曽,158,2022,0.0,0,152164.0,0
secondary_medical_area,20,2007,,松本,159,2022,4496.0,0,4545900.0,0
secondary_medical_area,20,2008,,大北,160,2022,210.0,0,523583.0,0
secondary_medical_area,20,2009,,長野,161,2022,1909.0,0,5594755.0,0
secondary_medical_area,20,2010,,北信,162,2022,0.0,1,874917.0,0
secondary_medical_area,21,2101,,岐阜,163,2022,3372.0,0,10449118.0,0
secondary_medical_area,21,2102,,西濃,164,2022,211.0,0,3999070.0,0
secondary_medical_area,21,2103,,中濃,165,2022,495.0,1,3549027.0,0
secondary_medical_area,21,2104,,東濃,166,2022,38.0,2,3640990.0,0
secondary_medical_area,21,2105,,飛騨,167,2022,36.0,1,1388838.0,0
secondary_medical_area,22,2201,,賀茂,168,2022,0.0,0,482334.0,0
secondary_medical_area,22,2202,,熱海伊東,169,2022,81.0,1,1241981.0,0
secondary_medical_area,22,2203,,駿東田方,170,2022,4955.0,0,7060180.0,0
secondary_medical_area,22,2204,,富士,171,2022,71.0,1,4061545.0,0
secondary_medical_area,22,2205,,静岡,172,2022,6450.0,0,7963797.0,0
secondary_medical_area,22,2206,,志太榛原,173,2022,733.0,0,4756230.0,0
secondary_medical_area,22,2207,,中東遠,174,2022,1876.0,0,4839822.0,0
secondary_medical_area,22,2208,,西部,175,2022,860.0,0,10162074.0,0
secondary_medical_area,23,2302,,海部,176,2022,261.0,0,3825516.0,0
secondary_medical_area,23,2304,,尾張東部,177,2022,211.0,0,5934489.0,0
secondary_medical_area,23,2305,,尾張西部,178,2022,1786.0,1,5974743.0,0
secondary_medical_area,23,2306,,尾張北部,179,2022,266.0,0,8153821.0,0
secondary_medical_area,23,2307,,知多半島,180,2022,1366.0,1,6484510.0,0
secondary_medical_area,23,2308,,西三河北部,181,2022,674.0,0,4825122.0,0
secondary_medical_area,23,2309,,西三河南部西,182,2022,185.0,0,7389710.0,0
secondary_medical_area,23,2310,,西三河南部東,183,2022,1531.0,0,4691355.0,0
secondary_medical_area,23,2311,,東三河北部,184,2022,266.0,1,529402.0,0
secondary_medical_area,23,2312,,東三河南部,185,2022,1156.0,0,7807938.0,0
secondary_medical_area,23,2313,,名古屋・尾張中部,186,2022,25599.0,1,30729001.0,0
secondary_medical_area,24,2401,,北勢,187,2022,5315.0,1,9509390.0,0
secondary_medical_area,24,2402,,中勢伊賀,188,2022,872.0,1,5577029.0,0
secondary_medical_area,24,2403,,南勢志摩,189,2022,1419.0,0,5010102.0,0
secondary_medical_area,24,2404,,東紀州,190,2022,0.0,0,596672.0,0
secondary_medical_area,25,2501,,大津,191,2022,62.0,0,3579420.0,0
secondary_medical_area,25,2502,,湖南,192,2022,1903.0,0,3688401.0,0
secondary_medical_area,25,2503,,甲賀,193,2022,146.0,1,1232242.0,0
secondary_medical_area,25,2504,,東近江,194,2022,217.0,0,2101860.0,0
secondary_medical_area,25,2505,,湖東,195,2022,62.0,0,1371257.0,0
secondary_medical_area,25,2506,,湖北,196,2022,0.0,1,1477205.0,0
secondary_medical_area,25,2507,,湖西,197,2022,10.0,0,473709.0,0
secondary_medical_area,26,2601,,丹後,198,2022,446.0,1,818586.0,0
secondary_medical_area,26,2602,,中丹,199,2022,311.0,0,1876766.0,0
secondary_medical_area,26,2603,,南丹,200,2022,0.0,1,1177922.0,0
secondary_medical_area,26,2604,,京都・乙訓,201,2022,7447.0,0,18376240.0,0
secondary_medical_area,26,2605,,山城北,202,2022,718.0,0,4019519.0,0
secondary_medical_area,26,2606,,山城南,203,2022,4167.0,0,965763.0,0
secondary_medical_area,27,2701,,豊能,204,2022,4465.0,0,11791250.0,0
secondary_medical_area,27,2702,,三島,205,2022,4767.0,1,8425385.0,0
secondary_medical_area,27,2703,,北河内,206,2022,14308.0,0,12413340.0,0
secondary_medical_area,27,2704,,中河内,207,2022,3119.0,0,8696226.0,0
secondary_medical_area,27,2705,,南河内,208,2022,5556.0,0,6692081.0,0
secondary_medical_area,27,2706,,堺市,209,2022,4763.0,0,8974783.0,0
secondary_medical_area,27,2707,,泉州,210,2022,2378.0,1,9289152.0,0
secondary_medical_area,27,2708,,大阪市,211,2022,41043.0,0,37355381.0,0
secondary_medical_area,28,2801,,神戸,212,2022,13595.0,0,18342210.0,0
secondary_medical_area,28,2804,,東播磨,213,2022,2030.0,0,8815342.0,0
secondary_medical_area,28,2805,,北播磨,214,2022,493.0,1,2941852.0,0
secondary_medical_area,28,2808,,但馬,215,2022,308.0,1,1606186.0,0
secondary_medical_area,28,2809,,丹波,216,2022,0.0,0,1074087.0,0
secondary_medical_area,28,2810,,淡路,217,2022,24.0,0,1515316.0,0
secondary_medical_area,28,2811,,阪神,218,2022,12842.0,0,20749080.0,0
secondary_medical_area,28,2812,,播磨姫路,219,2022,485.0,0,9214236.0,0
secondary_medical_area,29,2901,,奈良,220,2022,584.0,0,4273551.0,0
secondary_medical_area,29,2902,,東和,221,2022,37.0,0,2207733.0,0
secondary_medical_area,29,2903,,西和,222,2022,225.0,0,3494869.0,0
secondary_medical_area,29,2904,,中和,223,2022,396.0,0,4283809.0,0
secondary_medical_area,29,2905,,南和,224,2022,0.0,0,557414.0,0
secondary_medical_area,30,3001,,和歌山,225,2022,901.0,0,5668765.0,0
secondary_medical_area,30,3002,,那賀,226,2022,197.0,0,1328131.0,0
secondary_medical_area,30,3003,,橋本,227,2022,0.0,0,974112.0,0
secondary_medical_area,30,3004,,有田,228,2022,118.0,1,759797.0,0
secondary_medical_area,30,3005,,御坊,229,2022,95.0,1,740647.0,0
secondary_medical_area,30,3006,,田辺,230,2022,14.0,1,1329473.0,0
secondary_medical_area,30,3007,,新宮,231,2022,20.0,1,776992.0,0
secondary_medical_area,31,3101,,東部,232,2022,332.0,0,2215728.0,0
secondary_medical_area,31,3102,,中部,233,2022,862.0,0,970208.0,0
secondary_medical_area,31,3103,,西部,234,2022,39.0,0,2722506.0,0
secondary_medical_area,32,3201,,松江,235,2022,1854.0,0,2493315.0,0
secondary_medical_area,32,3202,,雲南,236,2022,0.0,0,436249.0,0
secondary_medical_area,32,3203,,出雲,237,2022,3581.0,0,2189537.0,0
secondary_medical_area,32,3204,,大田,238,2022,967.0,0,508160.0,0
secondary_medical_area,32,3205,,浜田,239,2022,0.0,2,937913.0,0
secondary_medical_area,32,3206,,益田,240,2022,165.0,1,732081.0,0
secondary_medical_area,32,3207,,隠岐,241,2022,0.0,1,159892.0,0
secondary_medical_area,33,3301,,県南東部,242,2022,1635.0,0,10154383.0,0
secondary_medical_area,33,3302,,県南西部,243,2022,1521.0,0,7869387.0,0
secondary_medical_area,33,3303,,高梁・新見,244,2022,0.0,0,487710.0,0
secondary_medical_area,33,3304,,真庭,245,2022,0.0,2,445903.0,0
secondary_medical_area,33,3305,,津山・英田,246,2022,0.0,2,1825399.0,0
secondary_medical_area,34,3401,,広島,247,2022,5282.0,0,16662365.0,0
secondary_medical_area,34,3402,,広島西,248,2022,1595.0,0,1713514.0,0
secondary_medical_area,34,3403,,呉,249,2022,250.0,0,3047945.0,0
secondary_medical_area,34,3404,,広島中央,250,2022,196.0,1,2586002.0,0
secondary_medical_area,34,3405,,尾三,251,2022,0.0,2,2763056.0,0
secondary_medical_area,34,3406,,福山・府中,252,2022,453.0,0,5778585.0,0
secondary_medical_area,34,3407,,備北,253,2022,25.0,1,1048056.0,0
secondary_medical_area,35,3501,,岩国,254,2022,617.0,1,1482149.0,0
secondary_medical_area,35,3502,,柳井,255,2022,45.0,1,879604.0,0
secondary_medical_area,35,3503,,周南,256,2022,214.0,1,2949787.0,0
secondary_medical_area,35,3504,,山口・防府,257,2022,309.0,1,3639392.0,0
secondary_medical_area,35,3505,,宇部・小野田,258,2022,140.0,1,3402995.0,0
secondary_medical_area,35,3506,,下関,259,2022,532.0,1,3246476.0,0
secondary_medical_area,35,3507,,長門,260,2022,0.0,2,341891.0,0
secondary_medical_area,35,3508,,萩,261,2022,0.0,2,571545.0,0
secondary_medical_area,36,3601,,東部,262,2022,468.0,1,6352972.0,0
secondary_medical_area,36,3603,,南部,263,2022,128.0,0,1445056.0,0
secondary_medical_area,36,3605,,西部,264,2022,38.0,1,694759.0,0
secondary_medical_area,37,3702,,小豆,265,2022,0.0,0,224897.0,0
secondary_medical_area,37,3706,,東部,266,2022,218.0,1,6483419.0,0
secondary_medical_area,37,3707,,西部,267,2022,203.0,1,5244719.0,0
secondary_medical_area,38,3801,,宇摩,268,2022,239.0,0,905449.0,0
secondary_medical_area,38,3802,,新居浜・西条,269,2022,115.0,0,2455295.0,0
secondary_medical_area,38,3803,,今治,270,2022,561.0,1,1886037.0,0
secondary_medical_area,38,3804,,松山,271,2022,2790.0,0,7743529.0,0
secondary_medical_area,38,3805,,八幡浜・大洲,272,2022,24.0,1,1543821.0,0
secondary_medical_area,38,3806,,宇和島,273,2022,10.0,0,1269882.0,0
secondary_medical_area,39,3901,,安芸,274,2022,0.0,0,481654.0,0
secondary_medical_area,39,3902,,中央,275,2022,841.0,0,5853104.0,0
secondary_medical_area,39,3903,,高幡,276,2022,0.0,0,363630.0,0
secondary_medical_area,39,3904,,幡多,277,2022,343.0,0,688528.0,0
secondary_medical_area,40,4001,,福岡・糸島,278,2022,7399.0,1,19748261.0,0
secondary_medical_area,40,4002,,粕屋,279,2022,360.0,0,2769825.0,0
secondary_medical_area,40,4003,,宗像,280,2022,129.0,1,1714462.0,0
secondary_medical_area,40,4004,,筑紫,281,2022,400.0,0,4458731.0,0
secondary_medical_area,40,4005,,朝倉,282,2022,0.0,2,917477.0,0
secondary_medical_area,40,4006,,久留米,283,2022,450.0,0,6131067.0,0
secondary_medical_area,40,4007,,八女・筑後,284,2022,23.0,0,1656147.0,0
secondary_medical_area,40,4008,,有明,285,2022,157.0,1,3078737.0,0
secondary_medical_area,40,4009,,飯塚,286,2022,31.0,0,2150050.0,0
secondary_medical_area,40,4010,,直方・鞍手,287,2022,0.0,0,1144358.0,0
secondary_medical_area,40,4011,,田川,288,2022,0.0,1,1343912.0,0
secondary_medical_area,40,4012,,北九州,289,2022,1614.0,1,13210032.0,0
secondary_medical_area,40,4013,,京築,290,2022,0.0,0,1946413.0,0
secondary_medical_area,41,4101,,中部,291,2022,283.0,1,4704589.0,0
secondary_medical_area,41,4102,,東部,292,2022,50.0,1,1430002.0,0
secondary_medical_area,41,4103,,北部,293,2022,236.0,0,1530900.0,0
secondary_medical_area,41,4104,,西部,294,2022,0.0,1,880927.0,0
secondary_medical_area,41,4105,,南部,295,2022,1884.0,1,2010281.0,0
secondary_medical_area,42,4201,,長崎,296,2022,1092.0,1,6862962.0,0
secondary_medical_area,42,4202,,佐世保県北,297,2022,72.0,0,3439806.0,0
secondary_medical_area,42,4203,,県央,298,2022,33.0,0,3198089.0,0
secondary_medical_area,42,4204,,県南,299,2022,0.0,1,1508710.0,0
secondary_medical_area,42,4206,,五島,300,2022,115.0,1,332718.0,0
secondary_medical_area,42,4207,,上五島,301,2022,0.0,0,149264.0,0
secondary_medical_area,42,4208,,壱岐,302,2022,15.0,0,241189.0,0
secondary_medical_area,42,4209,,対馬,303,2022,0.0,1,220853.0,0
secondary_medical_area,43,4302,,宇城,304,2022,187.0,1,1055927.0,0
secondary_medical_area,43,4303,,有明,305,2022,3285.0,0,1818142.0,0
secondary_medical_area,43,4304,,鹿本,306,2022,0.0,2,642652.0,0
secondary_medical_area,43,4305,,菊池,307,2022,0.0,0,1759565.0,0
secondary_medical_area,43,4306,,阿蘇,308,2022,0.0,0,424342.0,0
secondary_medical_area,43,4308,,八代,309,2022,0.0,1,1702143.0,0
secondary_medical_area,43,4309,,芦北,310,2022,1658.0,1,593867.0,0
secondary_medical_area,43,4310,,球磨,311,2022,120.0,1,999116.0,0
secondary_medical_area,43,4311,,天草,312,2022,118.0,0,1252217.0,0
secondary_medical_area,43,4312,,熊本・上益城,313,2022,10842.0,0,10645911.0,0
secondary_medical_area,44,4401,,東部,314,2022,104.0,1,2222999.0,0
secondary_medical_area,44,4403,,中部,315,2022,1750.0,1,6493417.0,0
secondary_medical_area,44,4405,,南部,316,2022,0.0,1,669033.0,0
secondary_medical_area,44,4406,,豊肥,317,2022,160.0,1,609490.0,0
secondary_medical_area,44,4408,,西部,318,2022,0.0,2,998619.0,0
secondary_medical_area,44,4409,,北部,319,2022,0.0,2,1888294.0,0
secondary_medical_area,45,4501,,宮崎東諸県,320,2022,2220.0,0,5475382.0,0
secondary_medical_area,45,4502,,都城北諸県,321,2022,232.0,0,2475701.0,0
secondary_medical_area,45,4503,,延岡西臼杵,322,2022,0.0,2,1535837.0,0
secondary_medical_area,45,4504,,日南串間,323,2022,0.0,1,736861.0,0
secondary_medical_area,45,4505,,西諸,324,2022,18.0,1,924194.0,0
secondary_medical_area,45,4506,,西都児湯,325,2022,0.0,0,821853.0,0
secondary_medical_area,45,4507,,日向入郷,326,2022,0.0,0,866608.0,0
secondary_medical_area,46,4601,,鹿児島,327,2022,1378.0,0,8616727.0,0
secondary_medical_area,46,4603,,南薩,328,2022,326.0,0,1647150.0,0
secondary_medical_area,46,4605,,川薩,329,2022,0.0,2,1479658.0,0
secondary_medical_area,46,4606,,出水,330,2022,0.0,1,968673.0,0
secondary_medical_area,46,4607,,姶良・伊佐,331,2022,137.0,1,2679421.0,0
secondary_medical_area,46,4609,,曽於,332,2022,1536.0,0,651639.0,0
secondary_medical_area,46,4610,,肝属,333,2022,265.0,0,1723225.0,0
secondary_medical_area,46,4611,,熊毛,334,2022,0.0,0,294855.0,0
secondary_medical_area,46,4612,,奄美,335,2022,768.0,0,955122.0,0
secondary_medical_area,47,4701,,北部,336,2022,0.0,0,833402.0,0
secondary_medical_area,47,4702,,中部,337,2022,900.0,1,3942894.0,0
secondary_medical_area,47,4703,,南部,338,2022,2342.0,1,7121267.0,0
secondary_medical_area,47,4704,,宮古,339,2022,528.0,0,504246.0,0
secondary_medical_area,47,4705,,八重山,340,2022,0.0,0,474548.0,0
secondary_medical_area,01,0101,,南渡島,6,2023,884.0,1,4340065.0,0
secondary_medical_area,01,0102,,南檜山,7,2023,0.0,0,123765.0,0
secondary_medical_area,01,0103,,北渡島檜山,8,2023,0.0,0,210966.0,0
secondary_medical_area,01,0104,,札幌,9,2023,11388.0,0,25722210.0,0
secondary_medical_area,01,0105,,後志,10,2023,343.0,1,1953186.0,0
secondary_medical_area,01,0106,,南空知,11,2023,23.0,1,1499072.0,0
secondary_medical_area,01,0107,,中空知,12,2023,462.0,0,802832.0,0
secondary_medical_area,01,0108,,北空知,13,2023,60.0,0,263735.0,0
secondary_medical_area,01,0109,,西胆振,14,2023,795.0,0,1828567.0,0
secondary_medical_area,01,0110,,東胆振,15,2023,192.0,1,2127617.0,0
secondary_medical_area,01,0111,,日高,16,2023,473.0,1,464684.0,0
secondary_medical_area,01,0112,,上川中部,17,2023,365.0,1,4515851.0,0
secondary_medical_area,01,0113,,上川北部,18,2023,0.0,0,522696.0,0
secondary_medical_area,01,0114,,富良野,19,2023,0.0,0,322615.0,0
secondary_medical_area,01,0115,,留萌,20,2023,93.0,0,359236.0,0
secondary_medical_area,01,0116,,宗谷,21,2023,0.0,1,418248.0,0
secondary_medical_area,01,0117,,北網,22,2023,478.0,0,2127258.0,0
secondary_medical_area,01,0118,,遠紋,23,2023,0.0,1,465533.0,0
secondary_medical_area,01,0119,,十勝,24,2023,1144.0,0,3486706.0,0
secondary_medical_area,01,0120,,釧路,25,2023,415.0,0,2205505.0,0
secondary_medical_area,01,0121,,根室,26,2023,21.0,0,418758.0,0
secondary_medical_area,02,0201,,津軽地域,27,2023,385.0,0,3352789.0,0
secondary_medical_area,02,0202,,八戸地域,28,2023,3572.0,0,4013694.0,0
secondary_medical_area,02,0203,,青森地域,29,2023,815.0,0,3585361.0,0
secondary_medical_area,02,0204,,西北五地域,30,2023,121.0,0,1187533.0,0
secondary_medical_area,02,0205,,上十三地域,31,2023,212.0,0,1888983.0,0
secondary_medical_area,02,0206,,下北地域,32,2023,0.0,0,605340.0,0
secondary_medical_area,03,0301,,盛岡,33,2023,1723.0,0,5276503.0,0
secondary_medical_area,03,0302,,岩手中部,34,2023,341.0,2,2347330.0,0
secondary_medical_area,03,0303,,胆江,35,2023,0.0,1,1397697.0,0
secondary_medical_area,03,0304,,両磐,36,2023,441.0,1,1309124.0,0
secondary_medical_area,03,0305,,気仙,37,2023,202.0,0,539496.0,0
secondary_medical_area,03,0306,,釜石,38,2023,0.0,0,394023.0,0
secondary_medical_area,03,0307,,宮古,39,2023,1094.0,1,733797.0,0
secondary_medical_area,03,0308,,久慈,40,2023,0.0,0,422510.0,0
secondary_medical_area,03,0309,,二戸,41,2023,0.0,1,508038.0,0
secondary_medical_area,04,0401,,仙南,42,2023,393.0,0,1442319.0,0
secondary_medical_area,04,0403,,仙台,43,2023,2393.0,0,17479886.0,0
secondary_medical_area,04,0406,,大崎・栗原,44,2023,1454.0,0,2780492.0,0
secondary_medical_area,04,0409,,石巻・登米・気仙沼,45,2023,143.0,0,3480669.0,0
secondary_medical_area,05,0501,,大館・鹿角,46,2023,33.0,2,995496.0,0
secondary_medical_area,05,0502,,北秋田,47,2023,71.0,1,276182.0,0
secondary_medical_area,05,0503,,能代・山本,48,2023,1032.0,1,932544.0,0
secondary_medical_area,05,0504,,秋田周辺,49,2023,448.0,1,4814691.0,0
secondary_medical_area,05,0505,,由利本荘・にかほ,50,2023,0.0,3,936373.0,0
secondary_medical_area,05,0506,,大仙・仙北,51,2023,28.0,2,1258464.0,0
secondary_medical_area,05,0507,,横手,52,2023,663.0,1,1105067.0,0
secondary_medical_area,05,0508,,湯沢・雄勝,53,2023,0.0,3,432515.0,0
secondary_medical_area,06,0601,,村山,54,2023,755.0,1,6847092.0,0
secondary_medical_area,06,0602,,最上,55,2023,32.0,0,666343.0,0
secondary_medical_area,06,0603,,置賜,56,2023,590.0,0,2204137.0,0
secondary_medical_area,06,0604,,庄内,57,2023,3996.0,1,3177111.0,0
secondary_medical_area,07,0701,,県北,58,2023,1506.0,0,5008810.0,0
secondary_medical_area,07,0702,,県中,59,2023,3711.0,0,5673951.0,0
secondary_medical_area,07,0703,,県南,60,2023,0.0,0,1319146.0,0
secondary_medical_area,07,0706,,相双,61,2023,28.0,0,1296643.0,0
secondary_medical_area,07,0707,,いわき,62,2023,2472.0,0,3870786.0,0
secondary_medical_area,07,0708,,会津・南会津,63,2023,830.0,0,2574055.0,0
secondary_medical_area,08,0801,,水戸,64,2023,1616.0,0,5650997.0,0
secondary_medical_area,08,0802,,日立,65,2023,0.0,2,2301701.0,0
secondary_medical_area,08,0803,,常陸太田・ひたちなか,66,2023,186.0,1,3300086.0,0
secondary_medical_area,08,0804,,鹿行,67,2023,247.0,0,2063141.0,0
secondary_medical_area,08,0805,,土浦,68,2023,1346.0,0,2810087.0,0
secondary_medical_area,08,0806,,つくば,69,2023,1685.0,0,4024408.0,0
secondary_medical_area,08,0807,,取手・竜ヶ崎,70,2023,1366.0,0,4511019.0,0
secondary_medical_area,08,0808,,筑西・下妻,71,2023,1202.0,0,2231529.0,0
secondary_medical_area,08,0809,,古河・坂東,72,2023,0.0,1,2130360.0,0
secondary_medical_area,09,0901,,県北,73,2023,68.0,1,3677030.0,0
secondary_medical_area,09,0902,,県西,74,2023,175.0,1,1577633.0,0
secondary_medical_area,09,0903,,宇都宮,75,2023,4412.0,0,6632291.0,0
secondary_medical_area,09,0904,,県東,76,2023,32.0,1,1300483.0,0
secondary_medical_area,09,0905,,県南,77,2023,1696.0,0,5867810.0,0
secondary_medical_area,09,0906,,両毛,78,2023,802.0,0,3040225.0,0
secondary_medical_area,10,1001,,前橋,79,2023,1236.0,0,4474697.0,0
secondary_medical_area,10,1002,,渋川,80,2023,203.0,1,1179175.0,0
secondary_medical_area,10,1003,,伊勢崎,81,2023,285.0,0,2620668.0,0
secondary_medical_area,10,1004,,高崎・安中,82,2023,1285.0,0,5088047.0,0
secondary_medical_area,10,1005,,藤岡,83,2023,0.0,2,736508.0,0
secondary_medical_area,10,1006,,富岡,84,2023,325.0,1,712241.0,0
secondary_medical_area,10,1007,,吾妻,85,2023,0.0,1,334423.0,0
secondary_medical_area,10,1008,,沼田,86,2023,0.0,0,803824.0,0
secondary_medical_area,10,1009,,桐生,87,2023,89.0,0,1759684.0,0
secondary_medical_area,10,1010,,太田・館林,88,2023,1684.0,0,3937442.0,0
secondary_medical_area,11,1101,,南部,89,2023,11185.0,0,7710286.0,0
secondary_medical_area,11,1102,,南西部,90,2023,3646.0,0,6570489.0,0
secondary_medical_area,11,1103,,東部,91,2023,11682.0,0,11772972.0,0
secondary_medical_area,11,1104,,さいたま,92,2023,9861.0,0,15409024.0,0
secondary_medical_area,11,1105,,県央,93,2023,511.0,1,5622716.0,0
secondary_medical_area,11,1106,,川越比企,94,2023,1647.0,0,8547964.0,0
secondary_medical_area,11,1107,,西部,95,2023,3564.0,0,7520543.0,0
secondary_medical_area,11,1108,,利根,96,2023,1604.0,0,6202198.0,0
secondary_medical_area,11,1109,,北部,97,2023,765.0,1,5305288.0,0
secondary_medical_area,11,1110,,秩父,98,2023,0.0,2,1040517.0,0
secondary_medical_area,12,1201,,千葉,99,2023,14235.0,1,10840696.0,0
secondary_medical_area,12,1202,,東葛南部,100,2023,9316.0,0,17362583.0,0
secondary_medical_area,12,1203,,東葛北部,101,2023,6388.0,0,13487924.0,0
secondary_medical_area,12,1204,,印旛,102,2023,2108.0,0,7197797.0,0
secondary_medical_area,12,1205,,香取海匝,103,2023,98.0,1,3044549.0,0
secondary_medical_area,12,1206,,山武長生夷隅,104,2023,117.0,1,3914172.0,0
secondary_medical_area,12,1207,,安房,105,2023,70.0,1,1700204.0,0
secondary_medical_area,12,1208,,君津,106,2023,530.0,0,3537396.0,0
secondary_medical_area,12,1209,,市原,107,2023,1383.0,1,2727907.0,0
secondary_medical_area,13,1301,,区中央部,108,2023,284391.0,0,21467872.0,0
secondary_medical_area,13,1302,,区南部,109,2023,11532.0,0,13245643.0,0
secondary_medical_area,13,1303,,区西南部,110,2023,55318.0,0,18419855.0,0
secondary_medical_area,13,1304,,区西部,111,2023,172474.0,0,16240687.0,0
secondary_medical_area,13,1305,,区西北部,112,2023,31711.0,0,21764670.0,0
secondary_medical_area,13,1306,,区東北部,113,2023,54302.0,0,15311175.0,0
secondary_medical_area,13,1307,,区東部,114,2023,10787.0,1,16174747.0,0
secondary_medical_area,13,1308,,西多摩,115,2023,1458.0,1,3405075.0,0
secondary_medical_area,13,1309,,南多摩,116,2023,6073.0,0,14646586.0,0
secondary_medical_area,13,1310,,北多摩西部,117,2023,2003.0,0,7676777.0,0
secondary_medical_area,13,1311,,北多摩南部,118,2023,7108.0,1,11920435.0,0
secondary_medical_area,13,1312,,北多摩北部,119,2023,4036.0,0,7173996.0,0
secondary_medical_area,13,1313,,島しょ,120,2023,0.0,1,153111.0,0
secondary_medical_area,14,1404,,川崎北部,121,2023,4293.0,0,8475465.0,0
secondary_medical_area,14,1405,,川崎南部,122,2023,4033.0,1,7785663.0,0
secondary_medical_area,14,1406,,横須賀・三浦,123,2023,4787.0,0,8470519.0,0
secondary_medical_area,14,1407,,湘南東部,124,2023,6420.0,1,8128195.0,0
secondary_medical_area,14,1408,,湘南西部,125,2023,1080.0,0,6055213.0,0
secondary_medical_area,14,1409,,県央,126,2023,3819.0,0,8587914.0,0
secondary_medical_area,14,1410,,相模原,127,2023,15003.0,0,7651835.0,0
secondary_medical_area,14,1411,,県西,128,2023,756.0,0,3496334.0,0
secondary_medical_area,14,1412,,横浜,129,2023,32285.0,0,43728223.0,0
secondary_medical_area,15,1501,,下越,130,2023,0.0,2,2141088.0,0
secondary_medical_area,15,1502,,新潟,131,2023,1257.0,0,9836485.0,0
secondary_medical_area,15,1503,,県央,132,2023,401.0,0,2315365.0,0
secondary_medical_area,15,1504,,中越,133,2023,993.0,0,4161892.0,0
secondary_medical_area,15,1505,,魚沼,134,2023,536.0,0,1252755.0,0
secondary_medical_area,15,1506,,上越,135,2023,923.0,0,2669203.0,0
secondary_medical_area,15,1507,,佐渡,136,2023,0.0,2,463152.0,0
secondary_medical_area,16,1601,,新川,137,2023,0.0,1,1124026.0,0
secondary_medical_area,16,1602,,富山,138,2023,1437.0,1,5480242.0,0
secondary_medical_area,16,1603,,高岡,139,2023,1156.0,0,2889410.0,0
secondary_medical_area,16,1604,,砺波,140,2023,0.0,2,1112257.0,0
secondary_medical_area,17,1701,,南加賀,141,2023,369.0,0,2252771.0,0
secondary_medical_area,17,1702,,石川中央,142,2023,3493.0,0,8173632.0,0
secondary_medical_area,17,1703,,能登中部,143,2023,998.0,1,1032954.0,0
secondary_medical_area,17,1704,,能登北部,144,2023,114.0,1,482859.0,0
secondary_medical_area,18,1801,,福井・坂井,145,2023,3977.0,0,5051898.0,0
secondary_medical_area,18,1802,,奥越,146,2023,28.0,1,469815.0,0
secondary_medical_area,18,1803,,丹南,147,2023,153.0,0,1537877.0,0
secondary_medical_area,18,1804,,嶺南,148,2023,141.0,1,1289869.0,0
secondary_medical_area,19,1901,,中北,149,2023,240.0,1,5755880.0,0
secondary_medical_area,19,1902,,峡東,150,2023,101.0,1,1316396.0,0
secondary_medical_area,19,1903,,峡南,151,2023,0.0,0,367093.0,0
secondary_medical_area,19,1904,,富士・東部,152,2023,1421.0,0,1695077.0,0
secondary_medical_area,20,2001,,佐久,153,2023,706.0,0,2165097.0,0
secondary_medical_area,20,2002,,上小,154,2023,183.0,0,2026371.0,0
secondary_medical_area,20,2003,,諏訪,155,2023,296.0,1,2041664.0,0
secondary_medical_area,20,2004,,上伊那,156,2023,161.0,1,1770290.0,0
secondary_medical_area,20,2005,,飯伊,157,2023,255.0,0,1567405.0,0
secondary_medical_area,20,2006,,木曽,158,2023,0.0,1,155118.0,0
secondary_medical_area,20,2007,,松本,159,2023,1738.0,0,4704568.0,0
secondary_medical_area,20,2008,,大北,160,2023,20.0,1,545539.0,0
secondary_medical_area,20,2009,,長野,161,2023,1580.0,1,5753270.0,0
secondary_medical_area,20,2010,,北信,162,2023,0.0,1,890954.0,0
secondary_medical_area,21,2101,,岐阜,163,2023,3269.0,0,10958575.0,0
secondary_medical_area,21,2102,,西濃,164,2023,390.0,1,4112744.0,0
secondary_medical_area,21,2103,,中濃,165,2023,595.0,0,3675818.0,0
secondary_medical_area,21,2104,,東濃,166,2023,32.0,2,3706366.0,0
secondary_medical_area,21,2105,,飛騨,167,2023,0.0,1,1405416.0,0
secondary_medical_area,22,2201,,賀茂,168,2023,547.0,0,493870.0,0
secondary_medical_area,22,2202,,熱海伊東,169,2023,79.0,1,1271578.0,0
secondary_medical_area,22,2203,,駿東田方,170,2023,2607.0,0,7329264.0,0
secondary_medical_area,22,2204,,富士,171,2023,314.0,0,4187477.0,0
secondary_medical_area,22,2205,,静岡,172,2023,2667.0,0,8327459.0,0
secondary_medical_area,22,2206,,志太榛原,173,2023,811.0,0,4894528.0,0
secondary_medical_area,22,2207,,中東遠,174,2023,315.0,1,5042911.0,0
secondary_medical_area,22,2208,,西部,175,2023,1851.0,0,10528229.0,0
secondary_medical_area,23,2302,,海部,176,2023,548.0,0,4029910.0,0
secondary_medical_area,23,2304,,尾張東部,177,2023,331.0,0,6227630.0,0
secondary_medical_area,23,2305,,尾張西部,178,2023,1113.0,0,6237032.0,0
secondary_medical_area,23,2306,,尾張北部,179,2023,1292.0,0,8468211.0,0
secondary_medical_area,23,2307,,知多半島,180,2023,1308.0,0,6855775.0,0
secondary_medical_area,23,2308,,西三河北部,181,2023,831.0,1,5081784.0,0
secondary_medical_area,23,2309,,西三河南部西,182,2023,1077.0,0,7756196.0,0
secondary_medical_area,23,2310,,西三河南部東,183,2023,1430.0,1,4840395.0,0
secondary_medical_area,23,2311,,東三河北部,184,2023,226.0,1,534489.0,0
secondary_medical_area,23,2312,,東三河南部,185,2023,949.0,1,8090732.0,0
secondary_medical_area,23,2313,,名古屋・尾張中部,186,2023,48943.0,0,32865042.0,0
secondary_medical_area,24,2401,,北勢,187,2023,2567.0,0,9891324.0,0
secondary_medical_area,24,2402,,中勢伊賀,188,2023,1702.0,0,5800431.0,0
secondary_medical_area,24,2403,,南勢志摩,189,2023,1277.0,0,5150480.0,0
secondary_medical_area,24,2404,,東紀州,190,2023,0.0,0,613323.0,0
secondary_medical_area,25,2501,,大津,191,2023,451.0,0,3745890.0,0
secondary_medical_area,25,2502,,湖南,192,2023,910.0,0,3915580.0,0
secondary_medical_area,25,2503,,甲賀,193,2023,74.0,1,1298964.0,0
secondary_medical_area,25,2504,,東近江,194,2023,119.0,0,2218439.0,0
secondary_medical_area,25,2505,,湖東,195,2023,0.0,2,1427450.0,0
secondary_medical_area,25,2506,,湖北,196,2023,871.0,0,1539373.0,0
secondary_medical_area,25,2507,,湖西,197,2023,0.0,1,499449.0,0
secondary_medical_area,26,2601,,丹後,198,2023,470.0,1,829102.0,0
secondary_medical_area,26,2602,,中丹,199,2023,106.0,1,1931429.0,0
secondary_medical_area,26,2603,,南丹,200,2023,94.0,1,1207057.0,0
secondary_medical_area,26,2604,,京都・乙訓,201,2023,6305.0,1,19684665.0,0
secondary_medical_area,26,2605,,山城北,202,2023,799.0,0,4283930.0,0
secondary_medical_area,26,2606,,山城南,203,2023,71.0,0,1007482.0,0
secondary_medical_area,27,2701,,豊能,204,2023,4202.0,0,12621235.0,0
secondary_medical_area,27,2702,,三島,205,2023,3531.0,0,8908471.0,0
secondary_medical_area,27,2703,,北河内,206,2023,6330.0,1,13267392.0,0
secondary_medical_area,27,2704,,中河内,207,2023,848.0,0,9424717.0,0
secondary_medical_area,27,2705,,南河内,208,2023,827.0,1,7017215.0,0
secondary_medical_area,27,2706,,堺市,209,2023,3823.0,0,9779568.0,0
secondary_medical_area,27,2707,,泉州,210,2023,3282.0,0,9938633.0,0
secondary_medical_area,27,2708,,大阪市,211,2023,38272.0,0,42101619.0,0
secondary_medical_area,28,2801,,神戸,212,2023,10351.0,0,19935803.0,0
secondary_medical_area,28,2804,,東播磨,213,2023,4238.0,0,9326863.0,0
secondary_medical_area,28,2805,,北播磨,214,2023,564.0,0,3001161.0,0
secondary_medical_area,28,2808,,但馬,215,2023,158.0,1,1633756.0,0
secondary_medical_area,28,2809,,丹波,216,2023,0.0,0,1089961.0,0
secondary_medical_area,28,2810,,淡路,217,2023,114.0,1,1557669.0,0
secondary_medical_area,28,2811,,阪神,218,2023,11489.0,0,22239383.0,0
secondary_medical_area,28,2812,,播磨姫路,219,2023,1166.0,0,9626522.0,0
secondary_medical_area,29,2901,,奈良,220,2023,821.0,1,4555644.0,0
secondary_medical_area,29,2902,,東和,221,2023,482.0,1,2262930.0,0
secondary_medical_area,29,2903,,西和,222,2023,708.0,1,3674573.0,0
secondary_medical_area,29,2904,,中和,223,2023,1106.0,1,4497357.0,0
secondary_medical_area,29,2905,,南和,224,2023,0.0,1,571737.0,0
secondary_medical_area,30,3001,,和歌山,225,2023,749.0,0,6004181.0,0
secondary_medical_area,30,3002,,那賀,226,2023,345.0,0,1393783.0,0
secondary_medical_area,30,3003,,橋本,227,2023,0.0,0,1000563.0,0
secondary_medical_area,30,3004,,有田,228,2023,0.0,1,788641.0,0
secondary_medical_area,30,3005,,御坊,229,2023,0.0,0,785216.0,0
secondary_medical_area,30,3006,,田辺,230,2023,79.0,1,1386862.0,0
secondary_medical_area,30,3007,,新宮,231,2023,0.0,2,806590.0,0
secondary_medical_area,31,3101,,東部,232,2023,136.0,2,2315087.0,0
secondary_medical_area,31,3102,,中部,233,2023,877.0,0,1027401.0,0
secondary_medical_area,31,3103,,西部,234,2023,53.0,2,2903616.0,0
secondary_medical_area,32,3201,,松江,235,2023,214.0,1,2656439.0,0
secondary_medical_area,32,3202,,雲南,236,2023,0.0,0,441931.0,0
secondary_medical_area,32,3203,,出雲,237,2023,9002.0,0,2271424.0,0
secondary_medical_area,32,3204,,大田,238,2023,506.0,0,519190.0,0
secondary_medical_area,32,3205,,浜田,239,2023,0.0,1,952524.0,0
secondary_medical_area,32,3206,,益田,240,2023,0.0,2,739860.0,0
secondary_medical_area,32,3207,,隠岐,241,2023,0.0,0,161931.0,0
secondary_medical_area,33,3301,,県南東部,242,2023,1911.0,0,10688304.0,0
secondary_medical_area,33,3302,,県南西部,243,2023,436.0,0,8264306.0,0
secondary_medical_area,33,3303,,高梁・新見,244,2023,0.0,1,485922.0,0
secondary_medical_area,33,3304,,真庭,245,2023,0.0,1,437252.0,0
secondary_medical_area,33,3305,,津山・英田,246,2023,28.0,0,1869264.0,0
secondary_medical_area,34,3401,,広島,247,2023,3889.0,0,17744326.0,0
secondary_medical_area,34,3402,,広島西,248,2023,1104.0,1,1763910.0,0
secondary_medical_area,34,3403,,呉,249,2023,117.0,1,3183903.0,0
secondary_medical_area,34,3404,,広島中央,250,2023,254.0,1,2693769.0,0
secondary_medical_area,34,3405,,尾三,251,2023,99.0,1,2849273.0,0
secondary_medical_area,34,3406,,福山・府中,252,2023,1753.0,0,6069988.0,0
secondary_medical_area,34,3407,,備北,253,2023,11.0,1,1056927.0,0
secondary_medical_area,35,3501,,岩国,254,2023,139.0,0,1532854.0,0
secondary_medical_area,35,3502,,柳井,255,2023,89.0,1,888432.0,0
secondary_medical_area,35,3503,,周南,256,2023,280.0,0,3063511.0,0
secondary_medical_area,35,3504,,山口・防府,257,2023,257.0,0,3765025.0,0
secondary_medical_area,35,3505,,宇部・小野田,258,2023,313.0,0,3497006.0,0
secondary_medical_area,35,3506,,下関,259,2023,103.0,1,3390407.0,0
secondary_medical_area,35,3507,,長門,260,2023,0.0,1,348136.0,0
secondary_medical_area,35,3508,,萩,261,2023,0.0,1,577857.0,0
secondary_medical_area,36,3601,,東部,262,2023,971.0,1,6749423.0,0
secondary_medical_area,36,3603,,南部,263,2023,176.0,1,1519343.0,0
secondary_medical_area,36,3605,,西部,264,2023,52.0,0,717113.0,0
secondary_medical_area,37,3702,,小豆,265,2023,0.0,0,228822.0,0
secondary_medical_area,37,3706,,東部,266,2023,223.0,1,6820036.0,0
secondary_medical_area,37,3707,,西部,267,2023,365.0,1,5416239.0,0
secondary_medical_area,38,3801,,宇摩,268,2023,355.0,1,937545.0,0
secondary_medical_area,38,3802,,新居浜・西条,269,2023,0.0,1,2549129.0,0
secondary_medical_area,38,3803,,今治,270,2023,280.0,1,1958241.0,0
secondary_medical_area,38,3804,,松山,271,2023,1596.0,0,8296304.0,0
secondary_medical_area,38,3805,,八幡浜・大洲,272,2023,21.0,1,1562779.0,0
secondary_medical_area,38,3806,,宇和島,273,2023,69.0,0,1344783.0,0
secondary_medical_area,39,3901,,安芸,274,2023,0.0,0,506250.0,0
secondary_medical_area,39,3902,,中央,275,2023,960.0,0,6182259.0,0
secondary_medical_area,39,3903,,高幡,276,2023,28.0,1,373266.0,0
secondary_medical_area,39,3904,,幡多,277,2023,188.0,1,736708.0,0
secondary_medical_area,40,4001,,福岡・糸島,278,2023,12026.0,0,21663474.0,0
secondary_medical_area,40,4002,,粕屋,279,2023,501.0,0,2940863.0,0
secondary_medical_area,40,4003,,宗像,280,2023,270.0,1,1787470.0,0
secondary_medical_area,40,4004,,筑紫,281,2023,2149.0,0,4767187.0,0
secondary_medical_area,40,4005,,朝倉,282,2023,272.0,1,949114.0,0
secondary_medical_area,40,4006,,久留米,283,2023,746.0,0,6486894.0,0
secondary_medical_area,40,4007,,八女・筑後,284,2023,0.0,2,1692905.0,0
secondary_medical_area,40,4008,,有明,285,2023,174.0,1,3174183.0,0
secondary_medical_area,40,4009,,飯塚,286,2023,61.0,2,2409368.0,0
secondary_medical_area,40,4010,,直方・鞍手,287,2023,0.0,0,1244364.0,0
secondary_medical_area,40,4011,,田川,288,2023,168.0,0,1597732.0,0
secondary_medical_area,40,4012,,北九州,289,2023,1789.0,1,14135293.0,0
secondary_medical_area,40,4013,,京築,290,2023,0.0,1,2074329.0,0
secondary_medical_area,41,4101,,中部,291,2023,243.0,2,4894688.0,0
secondary_medical_area,41,4102,,東部,292,2023,307.0,2,1483504.0,0
secondary_medical_area,41,4103,,北部,293,2023,125.0,1,1577775.0,0
secondary_medical_area,41,4104,,西部,294,2023,81.0,1,917737.0,0
secondary_medical_area,41,4105,,南部,295,2023,1965.0,2,2056143.0,0
secondary_medical_area,42,4201,,長崎,296,2023,1177.0,0,7299710.0,0
secondary_medical_area,42,4202,,佐世保県北,297,2023,178.0,1,3616248.0,0
secondary_medical_area,42,4203,,県央,298,2023,263.0,1,3369799.0,0
secondary_medical_area,42,4204,,県南,299,2023,0.0,1,1539507.0,0
secondary_medical_area,42,4206,,五島,300,2023,231.0,1,345426.0,0
secondary_medical_area,42,4207,,上五島,301,2023,0.0,0,156134.0,0
secondary_medical_area,42,4208,,壱岐,302,2023,0.0,1,251691.0,0
secondary_medical_area,42,4209,,対馬,303,2023,0.0,1,234042.0,0
secondary_medical_area,43,4302,,宇城,304,2023,81.0,1,1076189.0,0
secondary_medical_area,43,4303,,有明,305,2023,21.0,2,1879651.0,0
secondary_medical_area,43,4304,,鹿本,306,2023,0.0,1,659077.0,0
secondary_medical_area,43,4305,,菊池,307,2023,41.0,1,1852592.0,0
secondary_medical_area,43,4306,,阿蘇,308,2023,0.0,1,426913.0,0
secondary_medical_area,43,4308,,八代,309,2023,155.0,1,1756484.0,0
secondary_medical_area,43,4309,,芦北,310,2023,263.0,0,602593.0,0
secondary_medical_area,43,4310,,球磨,311,2023,73.0,1,1011777.0,0
secondary_medical_area,43,4311,,天草,312,2023,121.0,0,1275450.0,0
secondary_medical_area,43,4312,,熊本・上益城,313,2023,11969.0,1,11296719.0,0
secondary_medical_area,44,4401,,東部,314,2023,292.0,1,2387130.0,0
secondary_medical_area,44,4403,,中部,315,2023,1559.0,0,6885516.0,0
secondary_medical_area,44,4405,,南部,316,2023,1985.0,0,693188.0,0
secondary_medical_area,44,4406,,豊肥,317,2023,143.0,1,627888.0,0
secondary_medical_area,44,4408,,西部,318,2023,0.0,1,1022667.0,0
secondary_medical_area,44,4409,,北部,319,2023,0.0,1,1943587.0,0
secondary_medical_area,45,4501,,宮崎東諸県,320,2023,1652.0,0,5888981.0,0
secondary_medical_area,45,4502,,都城北諸県,321,2023,1088.0,0,2577345.0,0
secondary_medical_area,45,4503,,延岡西臼杵,322,2023,0.0,2,1610742.0,0
secondary_medical_area,45,4504,,日南串間,323,2023,0.0,1,761119.0,0
secondary_medical_area,45,4505,,西諸,324,2023,233.0,1,942346.0,0
secondary_medical_area,45,4506,,西都児湯,325,2023,0.0,1,858014.0,0
secondary_medical_area,45,4507,,日向入郷,326,2023,0.0,0,901434.0,0
secondary_medical_area,46,4601,,鹿児島,327,2023,1500.0,0,9175151.0,0
secondary_medical_area,46,4603,,南薩,328,2023,385.0,0,1690604.0,0
secondary_medical_area,46,4605,,川薩,329,2023,24.0,0,1528993.0,0
secondary_medical_area,46,4606,,出水,330,2023,11.0,1,1005222.0,0
secondary_medical_area,46,4607,,姶良・伊佐,331,2023,218.0,1,2830527.0,0
secondary_medical_area,46,4609,,曽於,332,2023,370.0,0,657444.0,0
secondary_medical_area,46,4610,,肝属,333,2023,35.0,0,1763615.0,0
secondary_medical_area,46,4611,,熊毛,334,2023,172.0,0,303555.0,0
secondary_medical_area,46,4612,,奄美,335,2023,447.0,0,1023842.0,0
secondary_medical_area,47,4701,,北部,336,2023,0.0,2,887563.0,0
secondary_medical_area,47,4702,,中部,337,2023,2858.0,1,4249193.0,0
secondary_medical_area,47,4703,,南部,338,2023,3437.0,1,7790660.0,0
secondary_medical_area,47,4704,,宮古,339,2023,0.0,3,548914.0,0
secondary_medical_area,47,4705,,八重山,340,2023,323.0,2,502116.0,0
secondary_medical_area,01,0101,,南渡島,6,2024,836.0,0,4289990.0,0
secondary_medical_area,01,0102,,南檜山,7,2024,0.0,0,121520.0,0
secondary_medical_area,01,0103,,北渡島檜山,8,2024,0.0,0,202495.0,0
secondary_medical_area,01,0104,,札幌,9,2024,13283.0,0,25984940.0,0
secondary_medical_area,01,0105,,後志,10,2024,1186.0,0,1931734.0,0
secondary_medical_area,01,0106,,南空知,11,2024,135.0,1,1473528.0,0
secondary_medical_area,01,0107,,中空知,12,2024,902.0,0,862989.0,0
secondary_medical_area,01,0108,,北空知,13,2024,52.0,0,252619.0,0
secondary_medical_area,01,0109,,西胆振,14,2024,946.0,0,1794707.0,0
secondary_medical_area,01,0110,,東胆振,15,2024,98.0,0,2101542.0,0
secondary_medical_area,01,0111,,日高,16,2024,564.0,1,454833.0,0
secondary_medical_area,01,0112,,上川中部,17,2024,589.0,1,4497540.0,0
secondary_medical_area,01,0113,,上川北部,18,2024,0.0,0,508875.0,0
secondary_medical_area,01,0114,,富良野,19,2024,0.0,0,301157.0,0
secondary_medical_area,01,0115,,留萌,20,2024,60.0,0,343151.0,0
secondary_medical_area,01,0116,,宗谷,21,2024,12.0,1,417337.0,0
secondary_medical_area,01,0117,,北網,22,2024,995.0,1,2039461.0,0
secondary_medical_area,01,0118,,遠紋,23,2024,54.0,1,457126.0,0
secondary_medical_area,01,0119,,十勝,24,2024,1260.0,0,3452970.0,0
secondary_medical_area,01,0120,,釧路,25,2024,1132.0,0,2192031.0,0
secondary_medical_area,01,0121,,根室,26,2024,961.0,0,413428.0,0
secondary_medical_area,02,0201,,津軽地域,27,2024,576.0,1,3296537.0,0
secondary_medical_area,02,0202,,八戸地域,28,2024,2995.0,1,4019224.0,0
secondary_medical_area,02,0203,,青森地域,29,2024,127.0,1,3478867.0,0
secondary_medical_area,02,0204,,西北五地域,30,2024,494.0,1,1161487.0,0
secondary_medical_area,02,0205,,上十三地域,31,2024,211.0,1,1853767.0,0
secondary_medical_area,02,0206,,下北地域,32,2024,0.0,1,592935.0,0
secondary_medical_area,03,0301,,盛岡,33,2024,2657.0,0,5296425.0,0
secondary_medical_area,03,0302,,岩手中部,34,2024,656.0,1,2334205.0,0
secondary_medical_area,03,0303,,胆江,35,2024,24.0,0,1380889.0,0
secondary_medical_area,03,0304,,両磐,36,2024,582.0,2,1294961.0,0
secondary_medical_area,03,0305,,気仙,37,2024,73.0,1,529494.0,0
secondary_medical_area,03,0306,,釜石,38,2024,0.0,1,388941.0,0
secondary_medical_area,03,0307,,宮古,39,2024,1332.0,2,727903.0,0
secondary_medical_area,03,0308,,久慈,40,2024,0.0,2,416769.0,0
secondary_medical_area,03,0309,,二戸,41,2024,205.0,1,494167.0,0
secondary_medical_area,04,0401,,仙南,42,2024,1397.0,0,1423347.0,0
secondary_medical_area,04,0403,,仙台,43,2024,3329.0,0,17604271.0,0
secondary_medical_area,04,0406,,大崎・栗原,44,2024,2116.0,0,2720697.0,0
secondary_medical_area,04,0409,,石巻・登米・気仙沼,45,2024,343.0,0,3471387.0,0
secondary_medical_area,05,0501,,大館・鹿角,46,2024,78.0,0,981024.0,0
secondary_medical_area,05,0502,,北秋田,47,2024,55.0,0,269524.0,0
secondary_medical_area,05,0503,,能代・山本,48,2024,823.0,0,902007.0,0
secondary_medical_area,05,0504,,秋田周辺,49,2024,493.0,1,4809018.0,0
secondary_medical_area,05,0505,,由利本荘・にかほ,50,2024,0.0,1,924612.0,0
secondary_medical_area,05,0506,,大仙・仙北,51,2024,114.0,0,1250520.0,0
secondary_medical_area,05,0507,,横手,52,2024,659.0,0,1071680.0,0
secondary_medical_area,05,0508,,湯沢・雄勝,53,2024,0.0,0,430829.0,0
secondary_medical_area,06,0601,,村山,54,2024,485.0,1,6885052.0,0
secondary_medical_area,06,0602,,最上,55,2024,26.0,0,671382.0,0
secondary_medical_area,06,0603,,置賜,56,2024,608.0,0,2170383.0,0
secondary_medical_area,06,0604,,庄内,57,2024,6075.0,1,3111326.0,0
secondary_medical_area,07,0701,,県北,58,2024,1497.0,0,4988430.0,0
secondary_medical_area,07,0702,,県中,59,2024,5894.0,0,5643656.0,0
secondary_medical_area,07,0703,,県南,60,2024,324.0,0,1329771.0,0
secondary_medical_area,07,0706,,相双,61,2024,31.0,1,1290665.0,0
secondary_medical_area,07,0707,,いわき,62,2024,2145.0,0,3857424.0,0
secondary_medical_area,07,0708,,会津・南会津,63,2024,574.0,1,2494750.0,0
secondary_medical_area,08,0801,,水戸,64,2024,2770.0,0,5634963.0,0
secondary_medical_area,08,0802,,日立,65,2024,132.0,1,2265888.0,0
secondary_medical_area,08,0803,,常陸太田・ひたちなか,66,2024,240.0,0,3302868.0,0
secondary_medical_area,08,0804,,鹿行,67,2024,545.0,0,2089793.0,0
secondary_medical_area,08,0805,,土浦,68,2024,1869.0,0,2789619.0,0
secondary_medical_area,08,0806,,つくば,69,2024,2759.0,0,4164715.0,0
secondary_medical_area,08,0807,,取手・竜ヶ崎,70,2024,1459.0,0,4538001.0,0
secondary_medical_area,08,0808,,筑西・下妻,71,2024,871.0,0,2229207.0,0
secondary_medical_area,08,0809,,古河・坂東,72,2024,16.0,1,2093040.0,0
secondary_medical_area,09,0901,,県北,73,2024,2020.0,1,3677080.0,0
secondary_medical_area,09,0902,,県西,74,2024,40.0,1,1579732.0,0
secondary_medical_area,09,0903,,宇都宮,75,2024,4331.0,0,6682994.0,0
secondary_medical_area,09,0904,,県東,76,2024,17.0,1,1304401.0,0
secondary_medical_area,09,0905,,県南,77,2024,2654.0,1,5877095.0,0
secondary_medical_area,09,0906,,両毛,78,2024,215.0,1,3040643.0,0
secondary_medical_area,10,1001,,前橋,79,2024,1346.0,0,4535794.0,0
secondary_medical_area,10,1002,,渋川,80,2024,312.0,1,1174847.0,0
secondary_medical_area,10,1003,,伊勢崎,81,2024,61.0,1,2631436.0,0
secondary_medical_area,10,1004,,高崎・安中,82,2024,2176.0,0,5100189.0,0
secondary_medical_area,10,1005,,藤岡,83,2024,125.0,1,727363.0,0
secondary_medical_area,10,1006,,富岡,84,2024,654.0,0,698602.0,0
secondary_medical_area,10,1007,,吾妻,85,2024,0.0,1,329382.0,0
secondary_medical_area,10,1008,,沼田,86,2024,0.0,1,799333.0,0
secondary_medical_area,10,1009,,桐生,87,2024,0.0,1,1725374.0,0
secondary_medical_area,10,1010,,太田・館林,88,2024,1207.0,0,3945592.0,0
secondary_medical_area,11,1101,,南部,89,2024,21516.0,0,7856644.0,0
secondary_medical_area,11,1102,,南西部,90,2024,6816.0,1,6660740.0,0
secondary_medical_area,11,1103,,東部,91,2024,8786.0,0,11919670.0,0
secondary_medical_area,11,1104,,さいたま,92,2024,8814.0,0,15817193.0,0
secondary_medical_area,11,1105,,県央,93,2024,932.0,0,5692621.0,0
secondary_medical_area,11,1106,,川越比企,94,2024,2002.0,0,8643200.0,0
secondary_medical_area,11,1107,,西部,95,2024,3999.0,0,7578024.0,0
secondary_medical_area,11,1108,,利根,96,2024,1364.0,0,6210405.0,0
secondary_medical_area,11,1109,,北部,97,2024,733.0,2,5319311.0,0
secondary_medical_area,11,1110,,秩父,98,2024,29.0,1,1034054.0,0
secondary_medical_area,12,1201,,千葉,99,2024,17982.0,0,11003072.0,0
secondary_medical_area,12,1202,,東葛南部,100,2024,20954.0,0,17593166.0,0
secondary_medical_area,12,1203,,東葛北部,101,2024,6804.0,0,13707054.0,0
secondary_medical_area,12,1204,,印旛,102,2024,3717.0,1,7291354.0,0
secondary_medical_area,12,1205,,香取海匝,103,2024,153.0,1,3002964.0,0
secondary_medical_area,12,1206,,山武長生夷隅,104,2024,263.0,0,3928486.0,0
secondary_medical_area,12,1207,,安房,105,2024,110.0,1,1686311.0,0
secondary_medical_area,12,1208,,君津,106,2024,573.0,0,3525049.0,0
secondary_medical_area,12,1209,,市原,107,2024,2091.0,1,2704150.0,0
secondary_medical_area,13,1301,,区中央部,108,2024,628764.0,0,22151309.0,0
secondary_medical_area,13,1302,,区南部,109,2024,13697.0,0,13400821.0,0
secondary_medical_area,13,1303,,区西南部,110,2024,72865.0,0,18760296.0,0
secondary_medical_area,13,1304,,区西部,111,2024,353015.0,0,16560725.0,0
secondary_medical_area,13,1305,,区西北部,112,2024,33297.0,0,22028318.0,0
secondary_medical_area,13,1306,,区東北部,113,2024,19284.0,0,15307102.0,0
secondary_medical_area,13,1307,,区東部,114,2024,13673.0,0,16366933.0,0
secondary_medical_area,13,1308,,西多摩,115,2024,1057.0,0,3422214.0,0
secondary_medical_area,13,1309,,南多摩,116,2024,19414.0,0,14872411.0,0
secondary_medical_area,13,1310,,北多摩西部,117,2024,4149.0,1,7858320.0,0
secondary_medical_area,13,1311,,北多摩南部,118,2024,9260.0,1,12052093.0,0
secondary_medical_area,13,1312,,北多摩北部,119,2024,4370.0,0,7288475.0,0
secondary_medical_area,13,1313,,島しょ,120,2024,0.0,0,144314.0,0
secondary_medical_area,14,1404,,川崎北部,121,2024,4081.0,0,8567285.0,0
secondary_medical_area,14,1405,,川崎南部,122,2024,3331.0,1,7930863.0,0
secondary_medical_area,14,1406,,横須賀・三浦,123,2024,3307.0,0,8448839.0,0
secondary_medical_area,14,1407,,湘南東部,124,2024,7814.0,1,8234235.0,0
secondary_medical_area,14,1408,,湘南西部,125,2024,4297.0,0,6181866.0,0
secondary_medical_area,14,1409,,県央,126,2024,5662.0,0,8770476.0,0
secondary_medical_area,14,1410,,相模原,127,2024,18321.0,0,7718004.0,0
secondary_medical_area,14,1411,,県西,128,2024,922.0,0,3493142.0,0
secondary_medical_area,14,1412,,横浜,129,2024,66291.0,0,44522377.0,0
secondary_medical_area,15,1501,,下越,130,2024,49.0,1,2133166.0,0
secondary_medical_area,15,1502,,新潟,131,2024,1237.0,0,9820341.0,0
secondary_medical_area,15,1503,,県央,132,2024,705.0,0,2320097.0,0
secondary_medical_area,15,1504,,中越,133,2024,1066.0,0,4149098.0,0
secondary_medical_area,15,1505,,魚沼,134,2024,732.0,0,1268380.0,0
secondary_medical_area,15,1506,,上越,135,2024,627.0,0,2664104.0,0
secondary_medical_area,15,1507,,佐渡,136,2024,116.0,1,449952.0,0
secondary_medical_area,16,1601,,新川,137,2024,15.0,0,1116927.0,0
secondary_medical_area,16,1602,,富山,138,2024,1892.0,0,5479061.0,0
secondary_medical_area,16,1603,,高岡,139,2024,1271.0,0,2910029.0,0
secondary_medical_area,16,1604,,砺波,140,2024,119.0,0,1105877.0,0
secondary_medical_area,17,1701,,南加賀,141,2024,316.0,1,2263561.0,0
secondary_medical_area,17,1702,,石川中央,142,2024,3639.0,1,8226304.0,0
secondary_medical_area,17,1703,,能登中部,143,2024,1267.0,1,1046747.0,0
secondary_medical_area,17,1704,,能登北部,144,2024,224.0,1,410088.0,0
secondary_medical_area,18,1801,,福井・坂井,145,2024,4380.0,0,5040967.0,0
secondary_medical_area,18,1802,,奥越,146,2024,17.0,0,463305.0,0
secondary_medical_area,18,1803,,丹南,147,2024,84.0,1,1529662.0,0
secondary_medical_area,18,1804,,嶺南,148,2024,79.0,1,1281495.0,0
secondary_medical_area,19,1901,,中北,149,2024,649.0,0,5842289.0,0
secondary_medical_area,19,1902,,峡東,150,2024,314.0,0,1308938.0,0
secondary_medical_area,19,1903,,峡南,151,2024,0.0,0,364659.0,0
secondary_medical_area,19,1904,,富士・東部,152,2024,2081.0,0,1682579.0,0
secondary_medical_area,20,2001,,佐久,153,2024,761.0,1,2175887.0,0
secondary_medical_area,20,2002,,上小,154,2024,85.0,1,2034063.0,0
secondary_medical_area,20,2003,,諏訪,155,2024,451.0,0,2043933.0,0
secondary_medical_area,20,2004,,上伊那,156,2024,89.0,0,1748354.0,0
secondary_medical_area,20,2005,,飯伊,157,2024,133.0,1,1560603.0,0
secondary_medical_area,20,2006,,木曽,158,2024,0.0,1,148030.0,0
secondary_medical_area,20,2007,,松本,159,2024,547.0,1,4725154.0,0
secondary_medical_area,20,2008,,大北,160,2024,0.0,1,545673.0,0
secondary_medical_area,20,2009,,長野,161,2024,2442.0,0,5790010.0,0
secondary_medical_area,20,2010,,北信,162,2024,0.0,0,882555.0,0
secondary_medical_area,21,2101,,岐阜,163,2024,6225.0,1,10970081.0,0
secondary_medical_area,21,2102,,西濃,164,2024,288.0,0,4077895.0,0
secondary_medical_area,21,2103,,中濃,165,2024,858.0,0,3664438.0,0
secondary_medical_area,21,2104,,東濃,166,2024,94.0,2,3684796.0,0
secondary_medical_area,21,2105,,飛騨,167,2024,25.0,1,1385291.0,0
secondary_medical_area,22,2201,,賀茂,168,2024,708.0,0,484539.0,0
secondary_medical_area,22,2202,,熱海伊東,169,2024,82.0,1,1249333.0,0
secondary_medical_area,22,2203,,駿東田方,170,2024,1635.0,0,7323091.0,0
secondary_medical_area,22,2204,,富士,171,2024,161.0,1,4167590.0,0
secondary_medical_area,22,2205,,静岡,172,2024,3320.0,0,8339541.0,0
secondary_medical_area,22,2206,,志太榛原,173,2024,859.0,1,4893786.0,0
secondary_medical_area,22,2207,,中東遠,174,2024,1505.0,0,5071331.0,0
secondary_medical_area,22,2208,,西部,175,2024,2496.0,1,10592083.0,0
secondary_medical_area,23,2302,,海部,176,2024,680.0,0,4071798.0,0
secondary_medical_area,23,2304,,尾張東部,177,2024,578.0,0,6320847.0,0
secondary_medical_area,23,2305,,尾張西部,178,2024,1101.0,1,6283838.0,0
secondary_medical_area,23,2306,,尾張北部,179,2024,1308.0,0,8492559.0,0
secondary_medical_area,23,2307,,知多半島,180,2024,801.0,0,6923485.0,0
secondary_medical_area,23,2308,,西三河北部,181,2024,606.0,1,5201528.0,0
secondary_medical_area,23,2309,,西三河南部西,182,2024,1714.0,1,7848293.0,0
secondary_medical_area,23,2310,,西三河南部東,183,2024,712.0,0,4870459.0,0
secondary_medical_area,23,2311,,東三河北部,184,2024,211.0,1,530341.0,0
secondary_medical_area,23,2312,,東三河南部,185,2024,1206.0,0,8138416.0,0
secondary_medical_area,23,2313,,名古屋・尾張中部,186,2024,99126.0,0,33234019.0,0
secondary_medical_area,24,2401,,北勢,187,2024,2377.0,0,9842514.0,0
secondary_medical_area,24,2402,,中勢伊賀,188,2024,2423.0,0,5853159.0,0
secondary_medical_area,24,2403,,南勢志摩,189,2024,1130.0,0,5097850.0,0
secondary_medical_area,24,2404,,東紀州,190,2024,525.0,0,596886.0,0
secondary_medical_area,25,2501,,大津,191,2024,801.0,0,3770815.0,0
secondary_medical_area,25,2502,,湖南,192,2024,1209.0,0,4002789.0,0
secondary_medical_area,25,2503,,甲賀,193,2024,17.0,1,1311479.0,0
secondary_medical_area,25,2504,,東近江,194,2024,78.0,1,2225802.0,0
secondary_medical_area,25,2505,,湖東,195,2024,134.0,0,1421112.0,0
secondary_medical_area,25,2506,,湖北,196,2024,1231.0,0,1535001.0,0
secondary_medical_area,25,2507,,湖西,197,2024,159.0,0,499346.0,0
secondary_medical_area,26,2601,,丹後,198,2024,191.0,0,821790.0,0
secondary_medical_area,26,2602,,中丹,199,2024,224.0,1,1927988.0,0
secondary_medical_area,26,2603,,南丹,200,2024,71.0,0,1198277.0,0
secondary_medical_area,26,2604,,京都・乙訓,201,2024,10840.0,0,19778148.0,0
secondary_medical_area,26,2605,,山城北,202,2024,760.0,1,4305328.0,0
secondary_medical_area,26,2606,,山城南,203,2024,385.0,0,1016431.0,0
secondary_medical_area,27,2701,,豊能,204,2024,5167.0,0,12679008.0,0
secondary_medical_area,27,2702,,三島,205,2024,5485.0,0,8958785.0,0
secondary_medical_area,27,2703,,北河内,206,2024,7122.0,0,13292817.0,0
secondary_medical_area,27,2704,,中河内,207,2024,1553.0,0,9387978.0,0
secondary_medical_area,27,2705,,南河内,208,2024,1000.0,0,6976739.0,0
secondary_medical_area,27,2706,,堺市,209,2024,7783.0,0,9819311.0,0
secondary_medical_area,27,2707,,泉州,210,2024,4587.0,0,9874483.0,0
secondary_medical_area,27,2708,,大阪市,211,2024,43187.0,0,42421930.0,0
secondary_medical_area,28,2801,,神戸,212,2024,14440.0,0,19917665.0,0
secondary_medical_area,28,2804,,東播磨,213,2024,4284.0,0,9358038.0,0
secondary_medical_area,28,2805,,北播磨,214,2024,402.0,1,2996904.0,0
secondary_medical_area,28,2808,,但馬,215,2024,310.0,0,1618950.0,0
secondary_medical_area,28,2809,,丹波,216,2024,0.0,0,1082805.0,0
secondary_medical_area,28,2810,,淡路,217,2024,52.0,1,1547083.0,0
secondary_medical_area,28,2811,,阪神,218,2024,15608.0,1,22351512.0,0
secondary_medical_area,28,2812,,播磨姫路,219,2024,4600.0,1,9600297.0,0
secondary_medical_area,29,2901,,奈良,220,2024,1828.0,0,4572814.0,0
secondary_medical_area,29,2902,,東和,221,2024,1584.0,0,2229806.0,0
secondary_medical_area,29,2903,,西和,222,2024,808.0,0,3671748.0,0
secondary_medical_area,29,2904,,中和,223,2024,299.0,1,4526540.0,0
secondary_medical_area,29,2905,,南和,224,2024,0.0,1,562460.0,0
secondary_medical_area,30,3001,,和歌山,225,2024,601.0,0,5970282.0,0
secondary_medical_area,30,3002,,那賀,226,2024,368.0,1,1393405.0,0
secondary_medical_area,30,3003,,橋本,227,2024,0.0,1,990055.0,0
secondary_medical_area,30,3004,,有田,228,2024,25.0,0,788332.0,0
secondary_medical_area,30,3005,,御坊,229,2024,13.0,0,775748.0,0
secondary_medical_area,30,3006,,田辺,230,2024,92.0,1,1368757.0,0
secondary_medical_area,30,3007,,新宮,231,2024,46.0,1,792703.0,0
secondary_medical_area,31,3101,,東部,232,2024,218.0,2,2298683.0,0
secondary_medical_area,31,3102,,中部,233,2024,312.0,0,1013789.0,0
secondary_medical_area,31,3103,,西部,234,2024,105.0,2,2879363.0,0
secondary_medical_area,32,3201,,松江,235,2024,442.0,1,2664710.0,0
secondary_medical_area,32,3202,,雲南,236,2024,0.0,2,426508.0,0
secondary_medical_area,32,3203,,出雲,237,2024,8982.0,1,2267199.0,0
secondary_medical_area,32,3204,,大田,238,2024,230.0,2,519234.0,0
secondary_medical_area,32,3205,,浜田,239,2024,0.0,3,912837.0,0
secondary_medical_area,32,3206,,益田,240,2024,127.0,1,727900.0,0
secondary_medical_area,32,3207,,隠岐,241,2024,0.0,1,158233.0,0
secondary_medical_area,33,3301,,県南東部,242,2024,2608.0,0,10694551.0,0
secondary_medical_area,33,3302,,県南西部,243,2024,781.0,0,8229098.0,0
secondary_medical_area,33,3303,,高梁・新見,244,2024,0.0,2,471792.0,0
secondary_medical_area,33,3304,,真庭,245,2024,0.0,1,421161.0,0
secondary_medical_area,33,3305,,津山・英田,246,2024,100.0,1,1820985.0,0
secondary_medical_area,34,3401,,広島,247,2024,5710.0,0,17670223.0,0
secondary_medical_area,34,3402,,広島西,248,2024,1109.0,0,1737416.0,0
secondary_medical_area,34,3403,,呉,249,2024,264.0,0,3100483.0,0
secondary_medical_area,34,3404,,広島中央,250,2024,264.0,1,2694473.0,0
secondary_medical_area,34,3405,,尾三,251,2024,239.0,1,2812884.0,0
secondary_medical_area,34,3406,,福山・府中,252,2024,1397.0,0,6069738.0,0
secondary_medical_area,34,3407,,備北,253,2024,46.0,0,1028768.0,0
secondary_medical_area,35,3501,,岩国,254,2024,191.0,0,1519655.0,0
secondary_medical_area,35,3502,,柳井,255,2024,137.0,0,885937.0,0
secondary_medical_area,35,3503,,周南,256,2024,453.0,0,3050104.0,0
secondary_medical_area,35,3504,,山口・防府,257,2024,274.0,0,3729375.0,0
secondary_medical_area,35,3505,,宇部・小野田,258,2024,400.0,1,3465367.0,0
secondary_medical_area,35,3506,,下関,259,2024,194.0,1,3425335.0,0
secondary_medical_area,35,3507,,長門,260,2024,0.0,1,343297.0,0
secondary_medical_area,35,3508,,萩,261,2024,0.0,1,561947.0,0
secondary_medical_area,36,3601,,東部,262,2024,1634.0,0,6646592.0,0
secondary_medical_area,36,3603,,南部,263,2024,152.0,0,1506081.0,0
secondary_medical_area,36,3605,,西部,264,2024,171.0,0,690264.0,0
secondary_medical_area,37,3702,,小豆,265,2024,0.0,0,233787.0,0
secondary_medical_area,37,3706,,東部,266,2024,232.0,1,6749388.0,0
secondary_medical_area,37,3707,,西部,267,2024,330.0,1,5362026.0,0
secondary_medical_area,38,3801,,宇摩,268,2024,298.0,0,928662.0,0
secondary_medical_area,38,3802,,新居浜・西条,269,2024,94.0,0,2518742.0,0
secondary_medical_area,38,3803,,今治,270,2024,99.0,1,1927569.0,0
secondary_medical_area,38,3804,,松山,271,2024,1889.0,0,8279504.0,0
secondary_medical_area,38,3805,,八幡浜・大洲,272,2024,41.0,0,1511338.0,0
secondary_medical_area,38,3806,,宇和島,273,2024,286.0,1,1338722.0,0
secondary_medical_area,39,3901,,安芸,274,2024,0.0,0,492830.0,0
secondary_medical_area,39,3902,,中央,275,2024,1216.0,0,6129648.0,0
secondary_medical_area,39,3903,,高幡,276,2024,44.0,0,361553.0,0
secondary_medical_area,39,3904,,幡多,277,2024,566.0,0,725591.0,0
secondary_medical_area,40,4001,,福岡・糸島,278,2024,17534.0,0,22092264.0,0
secondary_medical_area,40,4002,,粕屋,279,2024,980.0,0,3010837.0,0
secondary_medical_area,40,4003,,宗像,280,2024,352.0,1,1753536.0,0
secondary_medical_area,40,4004,,筑紫,281,2024,2738.0,0,4808498.0,0
secondary_medical_area,40,4005,,朝倉,282,2024,185.0,0,935317.0,0
secondary_medical_area,40,4006,,久留米,283,2024,3098.0,0,6477552.0,0
secondary_medical_area,40,4007,,八女・筑後,284,2024,101.0,0,1689852.0,0
secondary_medical_area,40,4008,,有明,285,2024,405.0,1,3116005.0,0
secondary_medical_area,40,4009,,飯塚,286,2024,0.0,3,2400939.0,0
secondary_medical_area,40,4010,,直方・鞍手,287,2024,0.0,0,1245650.0,0
secondary_medical_area,40,4011,,田川,288,2024,0.0,1,1563668.0,0
secondary_medical_area,40,4012,,北九州,289,2024,2347.0,0,14049005.0,0
secondary_medical_area,40,4013,,京築,290,2024,0.0,0,2047808.0,0
secondary_medical_area,41,4101,,中部,291,2024,384.0,1,4886740.0,0
secondary_medical_area,41,4102,,東部,292,2024,239.0,1,1478810.0,0
secondary_medical_area,41,4103,,北部,293,2024,81.0,1,1567334.0,0
secondary_medical_area,41,4104,,西部,294,2024,442.0,0,904584.0,0
secondary_medical_area,41,4105,,南部,295,2024,2340.0,0,2044522.0,0
secondary_medical_area,42,4201,,長崎,296,2024,1642.0,0,7175154.0,0
secondary_medical_area,42,4202,,佐世保県北,297,2024,307.0,0,3565963.0,0
secondary_medical_area,42,4203,,県央,298,2024,262.0,2,3373322.0,0
secondary_medical_area,42,4204,,県南,299,2024,0.0,1,1512099.0,0
secondary_medical_area,42,4206,,五島,300,2024,369.0,2,330226.0,0
secondary_medical_area,42,4207,,上五島,301,2024,0.0,0,150782.0,0
secondary_medical_area,42,4208,,壱岐,302,2024,0.0,1,245141.0,0
secondary_medical_area,42,4209,,対馬,303,2024,147.0,0,230024.0,0
secondary_medical_area,43,4302,,宇城,304,2024,265.0,0,1077195.0,0
secondary_medical_area,43,4303,,有明,305,2024,21.0,1,1839981.0,0
secondary_medical_area,43,4304,,鹿本,306,2024,0.0,1,646887.0,0
secondary_medical_area,43,4305,,菊池,307,2024,38.0,0,1831204.0,0
secondary_medical_area,43,4306,,阿蘇,308,2024,133.0,1,411919.0,0
secondary_medical_area,43,4308,,八代,309,2024,161.0,1,1728100.0,0
secondary_medical_area,43,4309,,芦北,310,2024,0.0,3,585692.0,0
secondary_medical_area,43,4310,,球磨,311,2024,43.0,0,995708.0,0
secondary_medical_area,43,4311,,天草,312,2024,287.0,0,1257430.0,0
secondary_medical_area,43,4312,,熊本・上益城,313,2024,12026.0,0,11239485.0,0
secondary_medical_area,44,4401,,東部,314,2024,490.0,1,2353983.0,0
secondary_medical_area,44,4403,,中部,315,2024,1954.0,0,6847481.0,0
secondary_medical_area,44,4405,,南部,316,2024,0.0,2,689643.0,0
secondary_medical_area,44,4406,,豊肥,317,2024,158.0,0,611267.0,0
secondary_medical_area,44,4408,,西部,318,2024,0.0,1,1018229.0,0
secondary_medical_area,44,4409,,北部,319,2024,137.0,0,1926809.0,0
secondary_medical_area,45,4501,,宮崎東諸県,320,2024,2450.0,0,5880351.0,0
secondary_medical_area,45,4502,,都城北諸県,321,2024,924.0,0,2586988.0,0
secondary_medical_area,45,4503,,延岡西臼杵,322,2024,28.0,0,1560162.0,0
secondary_medical_area,45,4504,,日南串間,323,2024,0.0,1,750203.0,0
secondary_medical_area,45,4505,,西諸,324,2024,237.0,1,919710.0,0
secondary_medical_area,45,4506,,西都児湯,325,2024,249.0,0,853018.0,0
secondary_medical_area,45,4507,,日向入郷,326,2024,0.0,0,896924.0,0
secondary_medical_area,46,4601,,鹿児島,327,2024,2242.0,0,9088041.0,0
secondary_medical_area,46,4603,,南薩,328,2024,870.0,1,1640181.0,0
secondary_medical_area,46,4605,,川薩,329,2024,13.0,0,1511437.0,0
secondary_medical_area,46,4606,,出水,330,2024,17.0,1,968673.0,0
secondary_medical_area,46,4607,,姶良・伊佐,331,2024,413.0,0,2845706.0,0
secondary_medical_area,46,4609,,曽於,332,2024,59.0,0,623934.0,0
secondary_medical_area,46,4610,,肝属,333,2024,325.0,1,1717694.0,0
secondary_medical_area,46,4611,,熊毛,334,2024,254.0,1,302051.0,0
secondary_medical_area,46,4612,,奄美,335,2024,398.0,0,1006135.0,0
secondary_medical_area,47,4701,,北部,336,2024,1054.0,0,890732.0,0
secondary_medical_area,47,4702,,中部,337,2024,3849.0,0,4302658.0,0
secondary_medical_area,47,4703,,南部,338,2024,2388.0,1,7856437.0,0
secondary_medical_area,47,4704,,宮古,339,2024,191.0,1,551703.0,0
secondary_medical_area,47,4705,,八重山,340,2024,86.0,0,502516.0,0
