year,prefecture_code,prefecture_name,reporting_facilities,facilities_with_observed_online_use,facilities_with_suppressed_online_component,observed_online_patient_days,top1_share_observed_pct,top2_share_observed_pct,top5_share_observed_pct,hhi_observed,population,observed_online_patient_days_per_10k
2022,12,千葉県,378.0,14.0,16.0,101033.0,88.1603040590698,97.06828461987666,99.59023289420288,7854.548310690895,6251096,161.62445753512662
2022,13,東京都,810.0,38.0,31.0,68718.0,35.51907797083734,52.399662388311654,79.13647079367851,1905.0763350905083,13972972,49.17922973008176
2022,42,長崎県,300.0,10.0,6.0,64886.0,57.003051505717714,98.1922140369263,99.83663656258668,4947.021122259261,1305346,497.0789353933746
2022,22,静岡県,284.0,9.0,8.0,48390.0,85.64786112833231,92.66790659227114,99.11138665013432,7405.376999691791,3613902,133.89959107911616
2022,11,埼玉県,444.0,22.0,14.0,32132.0,76.32578115274494,87.64782771069339,97.02788497448029,6002.299269248944,7305749,43.981801181507876
2022,46,鹿児島県,455.0,14.0,12.0,25870.0,83.13877077696174,89.33900270583688,97.91650560494782,6989.265975442315,1579819,163.7529362540899
2022,27,大阪府,598.0,16.0,17.0,18025.0,43.59500693481276,71.82801664355063,96.00554785020805,3092.7866328358095,8790738,20.504535569141066
2022,20,長野県,160.0,10.0,7.0,14215.0,62.92648610622582,90.6085121350686,98.05135420330637,4748.330355555462,2037132,69.77947428050808
2022,33,岡山県,256.0,4.0,5.0,11318.0,94.65453260293339,98.48913235553985,100.0,8975.678329827295,1878400,60.253407155025556
2022,01,北海道,699.0,25.0,21.0,10727.0,30.949939405239117,41.96886361517666,64.16519064044,1378.4727360162915,5196860,20.64131032969909
2022,28,兵庫県,432.0,15.0,12.0,9687.0,73.03602766594405,79.4466811190255,90.38918137710333,5433.683992030986,5435971,17.820183367424146
2022,26,京都府,197.0,10.0,1.0,8469.0,50.147597118904244,88.42838587790767,97.02444208289054,4016.160094671849,2564392,33.0253720959978
2022,44,大分県,327.0,8.0,9.0,7771.0,57.99768369579205,82.3960880195599,99.26650366748166,4207.20432242985,1117882,69.51538713388354
2022,16,富山県,118.0,7.0,6.0,6846.0,45.82237803096699,88.47502191060474,99.5179666958808,3998.9761822402443,1029317,66.51012273186977
2022,29,奈良県,96.0,2.0,1.0,6707.0,96.46637841061577,100.0,100.0,9318.248645197078,1317437,50.909455252888755
2022,43,熊本県,402.0,10.0,11.0,6617.0,66.07223817439927,91.47649992443706,97.21928366329152,5025.359663968379,1729067,38.26919373280503
2022,23,愛知県,531.0,21.0,13.0,5202.0,30.853517877739336,48.03921568627451,73.20261437908496,1572.124021148817,7502349,6.93382832496862
2022,40,福岡県,772.0,15.0,21.0,4366.0,50.32065964269354,71.59871736142924,90.10535959688502,3135.9468041999476,5107935,8.547485431979851
2022,38,愛媛県,233.0,10.0,10.0,3504.0,27.34018264840183,50.0,83.78995433789956,1777.430490398449,1327750,26.390510261720955
2022,14,神奈川県,435.0,21.0,13.0,3106.0,28.396651641983254,48.3258209916291,79.16934964584674,1591.7574733322579,9188267,3.380398066360066
2022,47,沖縄県,123.0,4.0,4.0,3055.0,44.05891980360065,86.18657937806874,100.0,3818.5422196983295,1459685,20.92917307501276
2022,02,青森県,172.0,12.0,3.0,2846.0,42.02389318341532,64.65214335910049,91.32115249472945,2543.0274345421494,1231408,23.111754999155437
2022,34,広島県,346.0,20.0,12.0,2719.0,37.51379183523354,55.388010297903634,77.05038617138653,1949.7803383515752,2784830,9.763612141495171
2022,18,福井県,103.0,8.0,5.0,2714.0,53.68459837877671,70.44952100221076,90.30950626381724,3343.8667049698365,762789,35.579957235880435
2022,07,福島県,155.0,4.0,6.0,2098.0,97.56911344137274,98.52240228789323,99.99999999999999,9521.733440809305,1823414,11.505889501780727
2022,36,徳島県,161.0,8.0,6.0,1748.0,74.94279176201373,82.55148741418765,96.73913043478261,5762.100131434945,715737,24.42237861113789
2022,35,山口県,193.0,7.0,5.0,1551.0,58.99419729206963,87.1050934880722,98.25918762088973,4314.360527784947,1334930,11.618586742376005
2022,37,香川県,148.0,4.0,1.0,1479.0,54.76673427991886,98.0392156862745,100.0,4873.845740296538,945196,15.647548233382283
2022,08,茨城県,241.0,8.0,2.0,1474.0,47.4898236092266,72.25237449118046,89.68792401628222,3012.819214645903,2851779,5.168703465450864
2022,21,岐阜県,188.0,10.0,8.0,1332.0,45.04504504504504,78.30330330330331,94.81981981981983,3297.1484998512024,1968231,6.7674983271780595
2022,05,秋田県,90.0,4.0,0.0,1193.0,50.04191114836547,86.756077116513,100.0,3992.1124132179257,954405,12.499934514173752
2022,39,高知県,158.0,4.0,2.0,1032.0,62.4031007751938,81.1046511627907,99.99999999999999,4488.8941469863585,687854,15.003183815170079
2022,45,宮崎県,231.0,3.0,5.0,917.0,91.93020719738277,96.83751363140676,100.0,8485.245971822678,1063894,8.619279740274877
2022,41,佐賀県,207.0,3.0,4.0,902.0,88.13747228381375,98.33702882483371,100.0,7875.010447342933,807132,11.175371562520134
2022,32,島根県,69.0,2.0,3.0,829.0,95.77804583835947,100.0,100.0,9191.258961557882,667561,12.418340795822404
2022,09,栃木県,174.0,5.0,6.0,828.0,59.42028985507246,81.76328502415458,100.0,4209.520642255362,1922877,4.306047656714392
2022,24,三重県,140.0,3.0,4.0,815.0,50.1840490797546,84.66257668711657,100.0,3942.44420188942,1760850,4.628446488911605
2022,10,群馬県,176.0,3.0,3.0,472.0,93.4322033898305,97.88135593220339,100.0,8753.860241309967,1928809,2.4471059602065317
2022,19,山梨県,82.0,1.0,1.0,400.0,100.0,100.0,100.0,10000.0,805671,4.964805733357661
2022,17,石川県,128.0,4.0,1.0,328.0,41.15853658536585,79.8780487804878,100.0,3477.6546698393813,1126510,2.911647477607833
2022,31,鳥取県,69.0,3.0,3.0,288.0,61.80555555555556,85.7638888888889,100.0,4596.595293209876,550467,5.231921259585043
2022,06,山形県,94.0,4.0,2.0,169.0,77.51479289940828,85.79881656804733,99.99999999999999,6180.805994187878,1062354,1.5908068308680532
2022,03,岩手県,149.0,2.0,2.0,109.0,59.63302752293578,100.0,100.0,5185.590438515276,1204104,0.9052374213523084
2022,30,和歌山県,122.0,2.0,4.0,84.0,78.57142857142857,100.0,100.0,6632.65306122449,917683,0.9153487642246833
2022,04,宮城県,197.0,2.0,3.0,49.0,59.183673469387756,100.0,100.0,5168.6797167846735,2289768,0.21399547901796165
2022,15,新潟県,131.0,3.0,1.0,42.0,45.23809523809524,73.80952380952381,100.0,3548.7528344671205,2189579,0.1918176964612832
2022,25,滋賀県,79.0,0.0,1.0,0.0,,,,,1406101,0.0
2023,27,大阪府,588.0,34.0,21.0,28016.0,80.68246716162193,87.04668760708167,92.70059965733866,6565.1717161458855,8711992,32.15797259685271
2023,11,埼玉県,429.0,29.0,20.0,20320.0,46.210629921259844,74.8228346456693,92.01279527559056,3134.075849401699,7240305,28.065116041382236
2023,23,愛知県,519.0,35.0,20.0,20006.0,45.986204138758374,84.83454963510947,90.48785364390683,3640.634341737867,7435144,26.907347053399366
2023,13,東京都,836.0,50.0,46.0,19561.0,42.11441132866418,62.092940033740604,72.95639282245284,2249.0328787119074,13847804,14.125705418707543
2023,01,北海道,691.0,44.0,27.0,15281.0,53.6548655192723,64.32825076892874,75.53170604018062,3070.4942839431346,5150308,29.67007021715983
2023,22,静岡県,279.0,14.0,11.0,12877.0,77.34720820066786,86.18467034247108,95.41818746602469,6108.895239646804,3581529,35.953918005410536
2023,09,栃木県,169.0,8.0,5.0,11582.0,95.05266793299948,97.6083577965809,99.55102745639786,9043.498773738931,1905652,60.77709886170192
2023,28,兵庫県,405.0,28.0,18.0,8395.0,70.50625372245383,75.44967242406194,84.27635497319834,5037.976957412111,5387277,15.583011603078882
2023,16,富山県,115.0,6.0,2.0,7138.0,73.18576632109834,88.56822639394788,99.83188568226393,5680.777414492233,1020096,69.97380638684987
2023,40,福岡県,754.0,16.0,22.0,6406.0,57.243209491102085,74.97658445207618,92.25725881985637,3747.215306755131,5062179,12.654629557745785
2023,12,千葉県,374.0,23.0,22.0,6349.0,41.01433296582139,57.31611277366514,80.86312805166168,2228.2766913188184,6195100,10.248422140078448
2023,14,神奈川県,433.0,33.0,27.0,4728.0,39.02284263959391,52.41116751269035,70.32571912013536,1876.4655105774434,9105960,5.192203787409565
2023,47,沖縄県,123.0,9.0,4.0,3775.0,50.22516556291391,80.29139072847681,95.28476821192054,3536.6469891671422,1446609,26.095510258819072
2023,44,大分県,315.0,12.0,7.0,2855.0,67.67075306479859,82.13660245183887,94.2907180385289,4869.646455507129,1107868,25.770218112627138
2023,43,熊本県,378.0,17.0,9.0,2693.0,68.69662086891942,76.75454883030078,88.08020794652805,4845.720272428594,1713578,15.715654612745963
2023,34,広島県,330.0,23.0,13.0,2075.0,32.81927710843374,40.24096385542168,58.12048192771084,1364.0179997096818,2759884,7.518431934095781
2023,42,長崎県,291.0,14.0,9.0,1979.0,42.7488630621526,68.46892369883778,86.30621526023243,2630.615398010593,1293653,15.297765320375712
2023,07,福島県,161.0,5.0,5.0,1841.0,42.585551330798474,79.9565453557849,100.0,3394.8468716521293,1807080,10.18770613365208
2023,04,宮城県,193.0,10.0,7.0,1745.0,67.90830945558739,76.6189111747851,93.12320916905445,4802.091936847808,2269256,7.68974500893685
2023,02,青森県,164.0,8.0,6.0,1562.0,71.25480153649167,84.50704225352112,96.28681177976954,5316.192346723807,1220377,12.799323487741901
2023,26,京都府,190.0,8.0,6.0,1520.0,40.78947368421053,62.30263157894736,90.39473684210526,2455.453601108033,2541420,5.980908311101667
2023,20,長野県,157.0,6.0,9.0,1436.0,51.74094707520891,66.92200557103064,93.59331476323119,3208.182354264787,2018883,7.112844082594187
2023,46,鹿児島県,440.0,12.0,14.0,1265.0,26.48221343873518,43.47826086956522,81.73913043478261,1582.2712431064383,1565667,8.079623572573222
2023,03,岩手県,137.0,9.0,7.0,1172.0,36.604095563139936,66.21160409556315,91.21160409556315,2458.5609616885463,1193317,9.821363476762672
2023,21,岐阜県,182.0,12.0,12.0,1169.0,27.03165098374679,51.83917878528656,84.85885372112917,1890.475434320166,1950600,5.993027786322157
2023,41,佐賀県,198.0,7.0,4.0,1015.0,67.7832512315271,85.32019704433498,97.4384236453202,4964.983377417555,799901,12.689070272446216
2023,33,岡山県,253.0,8.0,2.0,922.0,74.40347071583514,87.09327548806941,95.44468546637744,5727.64573853878,1861574,4.952798008566944
2023,08,茨城県,235.0,11.0,7.0,893.0,47.59238521836507,72.67637178051511,88.12989921612542,3008.856992735585,2826233,3.159682871157474
2023,38,愛媛県,226.0,14.0,11.0,890.0,23.146067415730336,40.44943820224719,65.0561797752809,1224.037369019063,1315856,6.763658029450031
2023,17,石川県,126.0,7.0,4.0,889.0,30.371203599550057,58.042744656917876,95.50056242969627,2175.7868005531927,1116419,7.962960143100395
2023,06,山形県,89.0,7.0,2.0,841.0,53.5077288941736,79.19143876337694,96.43281807372175,3679.372130737288,1052837,7.987941153283937
2023,24,三重県,140.0,9.0,5.0,820.0,30.609756097560975,57.804878048780495,84.75609756097562,2013.6525877453898,1745077,4.698933055676053
2023,31,鳥取県,68.0,5.0,5.0,646.0,65.3250773993808,90.55727554179566,100.0,4936.115557515168,545536,11.841564992961052
2023,36,徳島県,154.0,9.0,8.0,554.0,25.812274368231048,51.26353790613718,85.1985559566787,1832.6186969724617,709325,7.8102421316039905
2023,32,島根県,67.0,3.0,3.0,551.0,66.96914700544465,86.20689655172414,100.0,5045.207360977073,661581,8.328534223322617
2023,37,香川県,148.0,4.0,5.0,546.0,41.57509157509158,76.55677655677655,100.0,3291.4704343275775,936729,5.828793599856522
2023,18,福井県,98.0,11.0,3.0,481.0,18.711018711018713,35.343035343035346,73.18087318087319,1275.6255375797996,755956,6.3628041843705185
2023,45,宮崎県,216.0,6.0,5.0,425.0,51.05882352941177,75.05882352941177,95.76470588235293,3357.1764705882347,1054364,4.030866000735989
2023,39,高知県,156.0,4.0,7.0,386.0,44.04145077720207,83.16062176165804,100.0,3636.2049987919145,681692,5.662381251356918
2023,35,山口県,183.0,8.0,8.0,329.0,29.78723404255319,54.1033434650456,83.28267477203647,1879.417226374479,1322972,2.4868251179919154
2023,10,群馬県,170.0,2.0,6.0,241.0,87.55186721991701,100.0,100.0,7820.285463404555,1911531,1.2607695088387267
2023,19,山梨県,77.0,2.0,2.0,175.0,81.14285714285714,100.0,100.0,6939.755102040816,798454,2.191735528909618
2023,05,秋田県,91.0,3.0,4.0,127.0,84.25196850393701,92.12598425196849,99.99999999999999,7222.394444788888,945856,1.34269910007443
2023,30,和歌山県,117.0,2.0,4.0,100.0,81.0,100.0,100.0,6922.000000000002,909463,1.0995499542037444
2023,15,新潟県,128.0,3.0,3.0,70.0,60.0,82.85714285714285,100.0,4416.326530612245,2169965,0.3225858481588413
2023,29,奈良県,96.0,1.0,1.0,28.0,100.0,100.0,100.0,10000.0,1305636,0.21445487103603147
2023,25,滋賀県,78.0,0.0,1.0,0.0,,,,,1393505,0.0
2024,13,東京都,834.0,80.0,0.0,31077.0,44.38330598191589,58.68648839978119,76.64510731409081,2317.7157267263938,13786556,22.541525236614568
2024,16,富山県,115.0,9.0,0.0,26501.0,94.63793819101166,97.6265046602015,99.78491377683861,8967.545320228526,1015585,260.94320022450114
2024,46,鹿児島県,421.0,26.0,0.0,25493.0,47.00898285803946,80.68097124700898,97.25022555211234,3476.693978304113,1558742,163.54855389795105
2024,27,大阪府,581.0,58.0,0.0,23498.0,72.82747467869606,77.03208783726274,87.45425142565324,5369.064464614606,8673459,27.09184421117342
2024,38,愛媛県,218.0,19.0,0.0,21375.0,97.09941520467837,97.81520467836258,98.86315789473686,9429.368812284123,1310036,163.16345505009025
2024,24,三重県,133.0,16.0,0.0,14168.0,92.32072275550537,95.42631281761716,98.26369282891022,8536.266703247407,1737358,81.54911077624762
2024,40,福岡県,725.0,42.0,0.0,10719.0,54.939826476350405,66.0136206735703,82.17184438846907,3262.3518214724586,5039789,21.268747560661765
2024,28,兵庫県,393.0,34.0,0.0,7411.0,43.59735528268789,62.43421940358925,76.66981513965726,2369.3978330103746,5363449,13.817601323327583
2024,14,神奈川県,433.0,44.0,0.0,6653.0,43.69457387644672,58.52998647226815,76.46174658049001,2282.5696179347133,9065685,7.338662219126299
2024,23,愛知県,509.0,38.0,0.0,6416.0,58.1359102244389,66.67705735660849,77.22880299251871,3528.469875031872,7402259,8.66762430225692
2024,12,千葉県,368.0,34.0,0.0,6355.0,25.365853658536587,42.53343823760818,74.08339889850511,1371.488033298647,6167699,10.30368051359186
2024,01,北海道,709.0,65.0,0.0,6216.0,13.73873873873874,26.44787644787645,50.37001287001287,652.8353367156456,5127528,12.122800694603715
2024,35,山口県,171.0,12.0,0.0,5683.0,92.89107865563963,96.02322716874889,99.08499032201303,8642.970757595353,1317120,43.14716958211856
2024,34,広島県,325.0,27.0,0.0,4930.0,60.06085192697769,70.16227180527383,79.69574036511156,3776.3257614719673,2747677,17.942429186545578
2024,22,静岡県,264.0,21.0,0.0,4682.0,29.75224263135412,51.04656129859034,82.33660828705682,1790.7576272092613,3565688,13.130705771228442
2024,25,滋賀県,77.0,3.0,0.0,2259.0,70.3851261620186,99.07038512616202,100.0,5777.774250496906,1387342,16.28293528199968
2024,11,埼玉県,460.0,37.0,0.0,2220.0,13.963963963963963,23.73873873873874,49.63963963963964,690.2889375862351,7208282,3.0797907185096256
2024,03,岩手県,131.0,17.0,0.0,2071.0,39.352969579913086,54.46644133268952,83.29309512312892,2114.5356269618305,1188039,17.43208766715571
2024,02,青森県,161.0,11.0,0.0,2007.0,75.93423019431988,86.24813153961136,95.2167414050822,5908.401312893662,1214979,16.518804028711607
2024,45,宮崎県,222.0,12.0,0.0,1909.0,60.345730749083295,73.17967522262964,95.23310633839708,3994.2446809123667,1049701,18.18613109828418
2024,07,福島県,155.0,11.0,0.0,1743.0,51.52036718301779,80.72289156626506,96.90189328743547,3668.8907914256824,1799088,9.688242042634934
2024,04,宮城県,187.0,14.0,0.0,1631.0,75.53648068669528,91.35499693439608,97.0570202329859,5968.559797696457,2259219,7.219308973587776
2024,26,京都府,190.0,14.0,0.0,1499.0,41.694462975316874,62.775183455637084,93.86257505003334,2518.276582876464,2530180,5.924479681287497
2024,18,福井県,98.0,13.0,0.0,1434.0,76.91771269177127,81.86889818688982,91.5620641562064,5985.811795233899,752613,19.05361719768327
2024,42,長崎県,274.0,23.0,0.0,1344.0,42.410714285714285,53.34821428571428,73.06547619047619,2127.0129145408164,1287931,10.435341644855198
2024,08,茨城県,221.0,17.0,0.0,1214.0,43.57495881383855,61.3673805601318,82.9489291598023,2425.8038425942264,2813733,4.314552944433604
2024,41,佐賀県,179.0,6.0,0.0,1213.0,60.428689200329764,74.11376751854905,98.76339653751032,4105.299214541016,796363,15.231747331304945
2024,21,岐阜県,179.0,25.0,0.0,1136.0,33.71478873239437,49.03169014084507,71.5669014084507,1644.034541757588,1941972,5.849723888912919
2024,05,秋田県,88.0,9.0,0.0,958.0,63.987473903966595,76.61795407098121,96.86847599164926,4414.533583797142,941672,10.173393708212625
2024,47,沖縄県,119.0,14.0,0.0,902.0,48.55875831485588,69.06873614190687,89.91130820399113,2990.5457691948423,1440211,6.2629711896381846
2024,19,山梨県,79.0,4.0,0.0,898.0,96.99331848552339,98.55233853006682,100.0,9411.238039493852,794923,11.296691629252141
2024,44,大分県,309.0,19.0,0.0,856.0,41.822429906542055,61.915887850467286,84.22897196261681,2374.443182810726,1102968,7.760877922115601
2024,43,熊本県,362.0,25.0,0.0,790.0,17.21518987341772,31.518987341772153,58.35443037974684,936.8690914917481,1705999,4.630717837466493
2024,36,徳島県,152.0,14.0,0.0,770.0,28.31168831168831,50.51948051948052,86.88311688311687,1782.2229718333615,706188,10.903612069307323
2024,09,栃木県,162.0,10.0,0.0,668.0,67.81437125748504,76.94610778443113,94.1616766467066,4798.128294309584,1897223,3.520935599030794
2024,06,山形県,84.0,7.0,0.0,666.0,68.01801801801803,93.69369369369369,98.7987987987988,5300.570841111382,1048180,6.353870518422409
2024,39,高知県,152.0,13.0,0.0,652.0,33.895705521472394,53.06748466257669,83.8957055214724,1956.180134743498,678677,9.606926417132156
2024,32,島根県,64.0,8.0,0.0,521.0,44.72168905950096,78.50287907869482,97.12092130518235,3321.2742363902285,658655,7.910059135662829
2024,20,長野県,152.0,12.0,0.0,481.0,42.41164241164241,83.16008316008316,94.38669438669439,3511.093053712596,2009954,2.3930895930951652
2024,33,岡山県,241.0,12.0,0.0,478.0,29.288702928870293,51.04602510460251,90.1673640167364,1880.131650356261,1853340,2.5791274132107436
2024,17,石川県,119.0,13.0,0.0,457.0,25.601750547045953,45.29540481400438,81.61925601750546,1580.9029490205849,1111481,4.111631237960883
2024,31,鳥取県,68.0,10.0,0.0,335.0,51.64179104477612,68.65671641791045,91.04477611940298,3169.9710403207837,543123,6.16803191910488
2024,10,群馬県,165.0,8.0,0.0,312.0,74.03846153846155,84.61538461538461,98.07692307692307,5662.187705456938,1903077,1.6394502166754157
2024,37,香川県,144.0,4.0,0.0,276.0,78.98550724637681,90.57971014492753,100.0,6421.707624448643,932586,2.9595125811453316
2024,15,新潟県,128.0,7.0,0.0,144.0,30.555555555555557,52.083333333333336,89.58333333333334,2013.888888888889,2160367,0.6665534143041437
2024,30,和歌山県,112.0,3.0,0.0,126.0,70.63492063492063,90.47619047619048,100.0,5473.670949861428,905440,1.3915886198975083
2024,29,奈良県,96.0,2.0,0.0,47.0,61.702127659574465,100.0,100.0,5273.879583521955,1299861,0.3615771224769418
