year,prefecture_code,prefecture_name,sma_code,sma_name,reporting_facilities,facilities_with_observed_online_use,facilities_with_suppressed_online_component,observed_online_patient_days,top1_share_observed_pct,top2_share_observed_pct,top5_share_observed_pct,hhi_observed,ndb_sma_name,online_primary_count,online_primary_missing_components,facility_report_to_ndb_ratio
2022,12,千葉県,1206,山武長生夷隅,30.0,1.0,0.0,89071.0,100.0,100.0,100.0,10000.0,山武長生夷隅,108.0,0,824.7314814814815
2022,22,静岡県,2208,西部,60.0,2.0,2.0,41473.0,99.93248619583825,100.0,100.0,9986.506355395155,西部,860.0,0,48.22441860465116
2022,42,長崎県,4202,佐世保県北,76.0,3.0,0.0,37014.0,99.9270546279786,99.97298319554764,100.0,9985.419085964064,佐世保県北,72.0,0,514.0833333333334
2022,13,東京都,1301,区中央部,70.0,6.0,4.0,30252.0,80.68226894089648,90.19238397461325,99.6000264445326,6644.161977814671,区中央部,133261.0,0,0.22701315463639024
2022,42,長崎県,4201,長崎,101.0,5.0,3.0,27715.0,96.43153526970954,98.48457513981599,100.0,9304.942992559541,長崎,1092.0,1,25.38003663003663
2022,11,埼玉県,1109,北部,44.0,3.0,2.0,24760.0,99.05088852988692,99.9151857835218,100.0,9811.83272175404,北部,550.0,2,45.018181818181816
2022,46,鹿児島県,4601,鹿児島,193.0,6.0,6.0,23340.0,92.15081405312769,99.02313624678663,99.95715509854328,8539.438236155813,鹿児島,1378.0,0,16.937590711175616
2022,13,東京都,1305,区西北部,116.0,8.0,2.0,17181.0,63.87288283569059,86.87503637739363,98.37611314824515,4654.085113254792,区西北部,43487.0,0,0.39508358819877204
2022,13,東京都,1304,区西部,63.0,5.0,1.0,11937.0,97.17684510345983,98.87743989277038,100.0,9446.964902281617,区西部,112362.0,0,0.10623698403374807
2022,33,岡山県,3301,県南東部,128.0,3.0,4.0,10884.0,98.42888643880926,99.65086365306873,100.0,9689.860810084927,県南東部,1635.0,0,6.656880733944954
2022,12,千葉県,1201,千葉,64.0,3.0,3.0,10596.0,84.93771234428085,99.8961872404681,99.99999999999999,7438.181726588705,千葉,17644.0,0,0.6005440943096804
2022,20,長野県,2001,佐久,18.0,2.0,2.0,9082.0,98.49152169125743,100.0,100.0,9702.855351867382,佐久,717.0,0,12.666666666666666
2022,01,北海道,0104,札幌,307.0,17.0,12.0,8967.0,37.02464592394335,50.20631203300992,76.75922828147652,1874.7082113618117,札幌,26821.0,1,0.33432757913575184
2022,27,大阪府,2703,北河内,76.0,2.0,4.0,8169.0,96.19292447055943,100.0,100.0,9267.572542285616,北河内,14308.0,0,0.5709393346379648
2022,26,京都府,2604,京都・乙訓,125.0,6.0,1.0,8101.0,52.42562646586841,92.44537711393656,99.46920133316875,4382.271495496136,京都・乙訓,7447.0,0,1.0878205988988854
2022,28,兵庫県,2812,播磨姫路,73.0,4.0,1.0,7243.0,97.68051912191082,99.13019467071655,100.0,9544.080409066924,播磨姫路,485.0,0,14.934020618556701
2022,29,奈良県,2903,西和,24.0,1.0,1.0,6470.0,100.0,100.0,100.0,10000.0,西和,225.0,0,28.755555555555556
2022,16,富山県,1601,新川,14.0,2.0,0.0,6057.0,51.791315832920596,100.0,100.0,5006.417624826545,新川,0.0,2,inf
2022,44,大分県,4403,中部,150.0,5.0,5.0,5832.0,77.28052126200275,98.23388203017834,100.0,6412.6033040356315,中部,1750.0,1,3.3325714285714287
2022,11,埼玉県,1101,南部,36.0,3.0,1.0,5790.0,62.832469775474955,99.37823834196891,99.99999999999999,5283.899045761109,南部,12116.0,0,0.47788048861010235
2022,27,大阪府,2705,南河内,40.0,2.0,0.0,5167.0,98.49041997290497,100.0,100.0,9702.641658297403,南河内,5556.0,0,0.9299856011519079
2022,13,東京都,1306,区東北部,108.0,6.0,6.0,4715.0,73.10710498409333,87.8048780487805,99.61823966065748,5667.395746298281,区東北部,27442.0,0,0.17181692296479847
2022,43,熊本県,4303,有明,31.0,1.0,1.0,4372.0,100.0,100.0,100.0,10000.0,有明,3285.0,0,1.3308980213089803
2022,20,長野県,2007,松本,34.0,4.0,3.0,4277.0,92.00374093991115,98.76081365443066,99.99999999999999,8511.313429505242,松本,4496.0,0,0.9512900355871886
2022,22,静岡県,2203,駿東田方,75.0,3.0,2.0,3631.0,93.55549435417241,99.5042687964748,100.0,8788.264190645124,駿東田方,4955.0,0,0.732795156407669
2022,27,大阪府,2708,大阪市,223.0,2.0,6.0,3544.0,99.2663656884876,100.0,100.0,9854.349576303573,大阪市,41043.0,0,0.08634846380625198
2022,47,沖縄県,4703,南部,65.0,3.0,3.0,2902.0,46.38180565127498,90.73053066850447,99.99999999999999,4204.004367814017,南部,2342.0,1,1.2391118701964132
2022,13,東京都,1310,北多摩西部,33.0,4.0,3.0,2849.0,85.74938574938575,91.85679185679186,100.0,7423.829905402387,北多摩西部,2233.0,1,1.2758620689655173
2022,40,福岡県,4008,有明,51.0,1.0,0.0,2197.0,100.0,100.0,100.0,10000.0,有明,157.0,1,13.993630573248408
2022,18,福井県,1801,福井・坂井,59.0,4.0,2.0,2168.0,67.20479704797047,88.19188191881918,100.0,5031.577218447461,福井・坂井,3983.0,0,0.5443133316595531
2022,07,福島県,0708,会津・南会津,23.0,2.0,1.0,2067.0,99.03241412675375,100.0,100.0,9808.355270194961,会津・南会津,1907.0,2,1.0839014158363922
2022,22,静岡県,2207,中東遠,29.0,1.0,2.0,2031.0,100.0,100.0,100.0,10000.0,中東遠,1876.0,0,1.0826226012793176
2022,44,大分県,4409,北部,46.0,1.0,1.0,1896.0,100.0,100.0,100.0,10000.0,北部,0.0,2,inf
2022,23,愛知県,2305,尾張西部,41.0,4.0,1.0,1732.0,92.6674364896074,97.92147806004618,100.0,8617.258879187579,尾張西部,1786.0,1,0.9697648376259799
2022,43,熊本県,4309,芦北,19.0,1.0,1.0,1681.0,100.0,100.0,100.0,10000.0,芦北,1658.0,1,1.0138721351025333
2022,38,愛媛県,3804,松山,111.0,4.0,6.0,1666.0,47.65906362545018,66.20648259303722,100.0,3186.799329575768,松山,2790.0,0,0.5971326164874552
2022,28,兵庫県,2801,神戸,136.0,6.0,5.0,1608.0,38.61940298507462,57.83582089552238,98.6318407960199,2454.7505012252172,神戸,13595.0,0,0.11827877896285399
2022,38,愛媛県,3803,今治,43.0,4.0,1.0,1584.0,60.47979797979798,97.47474747474747,100.0,5029.90766248342,今治,561.0,1,2.823529411764706
2022,36,徳島県,3601,東部,117.0,5.0,6.0,1575.0,83.17460317460318,90.60317460317461,100.0,7022.7906273620565,東部,468.0,1,3.3653846153846154
2022,46,鹿児島県,4609,曽於,14.0,1.0,0.0,1512.0,100.0,100.0,100.0,10000.0,曽於,1536.0,0,0.984375
2022,35,山口県,3506,下関,46.0,3.0,0.0,1411.0,64.84762579730688,95.74769666902905,100.0,5178.11103504358,下関,532.0,1,2.6522556390977443
2022,21,岐阜県,2101,岐阜,88.0,8.0,4.0,1301.0,46.11837048424289,80.16910069177555,97.07916986933128,3453.23558239656,岐阜,3372.0,0,0.3858244365361803
2022,34,広島県,3403,呉,37.0,4.0,0.0,1298.0,78.5824345146379,96.45608628659475,100.0,6501.705836405896,呉,250.0,0,5.192
2022,23,愛知県,2307,知多半島,35.0,2.0,2.0,1242.0,71.98067632850241,100.0,100.0,5966.300263716773,知多半島,1366.0,1,0.9092240117130308
2022,02,青森県,0205,上十三地域,21.0,1.0,0.0,1196.0,100.0,100.0,100.0,10000.0,上十三地域,0.0,0,inf
2022,22,静岡県,2205,静岡,43.0,2.0,1.0,1087.0,58.693652253909846,100.0,100.0,5151.1591790238235,静岡,6450.0,0,0.16852713178294573
2022,13,東京都,1309,南多摩,86.0,4.0,6.0,987.0,76.59574468085107,96.85916919959473,100.0,6282.698381902934,南多摩,5891.0,0,0.16754371074520455
2022,14,神奈川県,1406,横須賀・三浦,42.0,2.0,2.0,971.0,90.83419155509783,100.0,100.0,8334.862399916847,横須賀・三浦,5321.0,0,0.18248449539560233
2022,40,福岡県,4012,北九州,160.0,1.0,3.0,929.0,100.0,100.0,100.0,10000.0,北九州,1614.0,1,0.5755885997521685
2022,45,宮崎県,4503,延岡西臼杵,29.0,2.0,2.0,888.0,94.93243243243244,100.0,100.0,9037.846968590213,延岡西臼杵,0.0,2,inf
2022,39,高知県,3902,中央,118.0,3.0,1.0,875.0,73.6,95.65714285714286,100.0,5922.337959183672,中央,841.0,0,1.0404280618311534
2022,34,広島県,3401,広島,151.0,7.0,6.0,870.0,55.86206896551724,70.0,95.74712643678161,3601.3740256308633,広島,5282.0,0,0.16471033699356305
2022,23,愛知県,2304,尾張東部,31.0,3.0,2.0,865.0,72.60115606936417,87.97687861271676,100.0,5651.896154231681,尾張東部,211.0,0,4.099526066350711
2022,37,香川県,3706,東部,85.0,2.0,1.0,823.0,98.42041312272175,100.0,100.0,9689.07281395009,東部,218.0,1,3.7752293577981653
2022,41,佐賀県,4105,南部,53.0,2.0,1.0,810.0,98.14814814814815,100.0,100.0,9636.488340192045,南部,1884.0,1,0.4299363057324841
2022,32,島根県,3204,大田,8.0,1.0,1.0,794.0,100.0,100.0,100.0,10000.0,大田,967.0,0,0.8210961737331954
2022,08,茨城県,0803,常陸太田・ひたちなか,41.0,3.0,0.0,784.0,89.28571428571429,95.91836734693878,100.0,8032.59058725531,常陸太田・ひたちなか,209.0,0,3.751196172248804
2022,40,福岡県,4001,福岡・糸島,228.0,8.0,12.0,726.0,48.760330578512395,62.121212121212125,93.38842975206612,2923.6011504982202,福岡・糸島,7399.0,1,0.09812136775239898
2022,14,神奈川県,1410,相模原,39.0,3.0,0.0,704.0,87.92613636363636,97.86931818181819,100.0,7834.412125516529,相模原,9097.0,0,0.0773881499395405
2022,12,千葉県,1203,東葛北部,67.0,3.0,4.0,676.0,70.26627218934911,94.8224852071006,100.0,5567.163264591576,東葛北部,8450.0,0,0.08
2022,37,香川県,3707,西部,61.0,2.0,0.0,656.0,97.5609756097561,100.0,100.0,9524.092801903627,西部,203.0,1,3.231527093596059
2022,01,北海道,0110,東胆振,21.0,1.0,2.0,654.0,100.0,100.0,100.0,10000.0,東胆振,0.0,2,inf
2022,16,富山県,1602,富山,59.0,4.0,4.0,652.0,91.41104294478528,94.93865030674847,100.0,8382.65459746321,富山,1298.0,0,0.50231124807396
2022,02,青森県,0206,下北地域,7.0,1.0,0.0,644.0,100.0,100.0,100.0,10000.0,下北地域,0.0,0,inf
2022,05,秋田県,0504,秋田周辺,34.0,2.0,0.0,615.0,97.07317073170731,100.0,100.0,9431.766805472933,秋田周辺,821.0,0,0.7490864799025578
2022,27,大阪府,2707,泉州,69.0,3.0,4.0,608.0,87.00657894736842,95.72368421052632,100.0,7664.41958102493,泉州,2378.0,1,0.255677039529016
2022,46,鹿児島県,4607,姶良・伊佐,75.0,3.0,1.0,591.0,70.38917089678512,92.55499153976312,100.0,5501.38713528649,姶良・伊佐,137.0,1,4.313868613138686
2022,13,東京都,1303,区西南部,78.0,2.0,2.0,547.0,96.3436928702011,100.0,100.0,9295.475737695057,区西南部,56092.0,1,0.009751836268986664
2022,11,埼玉県,1104,さいたま,57.0,4.0,0.0,541.0,82.62476894639556,90.20332717190388,100.0,6935.161489813141,さいたま,26500.0,0,0.02041509433962264
2022,20,長野県,2005,飯伊,12.0,1.0,1.0,534.0,100.0,100.0,100.0,10000.0,飯伊,820.0,0,0.651219512195122
2022,24,三重県,2403,南勢志摩,39.0,2.0,2.0,534.0,76.59176029962546,100.0,100.0,6414.2434316654735,南勢志摩,1419.0,0,0.3763213530655391
2022,12,千葉県,1207,安房,24.0,2.0,2.0,511.0,95.49902152641879,100.0,100.0,9140.321919723041,安房,524.0,0,0.9751908396946565
2022,02,青森県,0202,八戸地域,41.0,3.0,1.0,499.0,61.923847695390776,96.9939879759519,100.0,5073.513760988912,八戸地域,972.0,0,0.5133744855967078
2022,09,栃木県,0906,両毛,24.0,1.0,0.0,492.0,100.0,100.0,100.0,10000.0,両毛,190.0,0,2.5894736842105264
2022,14,神奈川県,1405,川崎南部,26.0,2.0,0.0,488.0,91.59836065573771,100.0,100.0,8460.847218489653,川崎南部,5467.0,0,0.0892628498262301
2022,01,北海道,0119,十勝,46.0,1.0,1.0,480.0,100.0,100.0,100.0,10000.0,十勝,505.0,0,0.9504950495049505
2022,08,茨城県,0802,日立,22.0,2.0,0.0,476.0,76.68067226890757,100.0,100.0,6423.716545441706,日立,152.0,1,3.1315789473684212
2022,11,埼玉県,1103,東部,68.0,2.0,3.0,466.0,96.78111587982833,100.0,100.0,9376.945605923853,東部,13511.0,0,0.034490415217230404
2022,28,兵庫県,2805,北播磨,25.0,1.0,2.0,457.0,100.0,100.0,100.0,10000.0,北播磨,493.0,1,0.9269776876267748
2022,10,群馬県,1010,太田・館林,23.0,1.0,0.0,441.0,100.0,100.0,100.0,10000.0,太田・館林,4120.0,0,0.10703883495145632
2022,02,青森県,0203,青森地域,42.0,5.0,2.0,439.0,62.64236902050114,82.68792710706151,100.0,4459.03663845663,青森地域,1099.0,0,0.3994540491355778
2022,05,秋田県,0505,由利本荘・にかほ,13.0,1.0,0.0,438.0,100.0,100.0,100.0,10000.0,由利本荘・にかほ,0.0,1,inf
2022,33,岡山県,3302,県南西部,81.0,1.0,1.0,434.0,100.0,100.0,100.0,10000.0,県南西部,1521.0,0,0.2853385930309007
2022,14,神奈川県,1412,横浜,169.0,7.0,7.0,425.0,44.94117647058823,65.88235294117646,93.64705882352942,2781.7301038062274,横浜,25363.0,0,0.01675669282024997
2022,23,愛知県,2313,名古屋・尾張中部,192.0,6.0,3.0,420.0,79.28571428571428,84.76190476190476,96.9047619047619,6376.41723356009,名古屋・尾張中部,25599.0,1,0.016406890894175553
2022,19,山梨県,1902,峡東,16.0,1.0,0.0,400.0,100.0,100.0,100.0,10000.0,峡東,704.0,1,0.5681818181818182
2022,40,福岡県,4009,飯塚,31.0,2.0,0.0,389.0,91.77377892030847,100.0,100.0,8490.097210565618,飯塚,31.0,0,12.548387096774194
2022,34,広島県,3406,福山・府中,67.0,3.0,1.0,386.0,56.73575129533679,92.48704663212435,100.0,4553.545061612393,福山・府中,453.0,0,0.8520971302428256
2022,46,鹿児島県,4603,南薩,49.0,3.0,2.0,382.0,76.17801047120419,95.5497382198953,100.0,6198.157945231765,南薩,326.0,0,1.1717791411042944
2022,18,福井県,1803,丹南,24.0,2.0,2.0,377.0,71.08753315649867,100.0,100.0,5889.368109252861,丹南,10.0,1,37.7
2022,28,兵庫県,2811,阪神,110.0,3.0,2.0,365.0,70.41095890410959,96.98630136986301,100.0,5673.034340401576,阪神,12842.0,0,0.02842236411773867
2022,14,神奈川県,1409,県央,45.0,2.0,2.0,348.0,91.95402298850574,100.0,100.0,8520.280089840138,県央,1302.0,0,0.2672811059907834
2022,23,愛知県,2309,西三河南部西,43.0,2.0,2.0,333.0,85.58558558558559,100.0,100.0,7532.667802938074,西三河南部西,185.0,0,1.8
2022,01,北海道,0105,後志,31.0,1.0,1.0,325.0,100.0,100.0,100.0,10000.0,後志,315.0,0,1.0317460317460319
2022,20,長野県,2009,長野,47.0,3.0,1.0,322.0,72.98136645962732,96.8944099378882,100.0,5907.7581883415,長野,1909.0,0,0.1686746987951807
2022,23,愛知県,2306,尾張北部,57.0,2.0,1.0,315.0,65.71428571428571,100.0,100.0,5493.877551020409,尾張北部,266.0,0,1.1842105263157894
2022,23,愛知県,2308,西三河北部,27.0,2.0,1.0,295.0,92.88135593220339,100.0,100.0,8677.62137316863,西三河北部,674.0,0,0.43768545994065283
2022,27,大阪府,2701,豊能,52.0,3.0,0.0,288.0,79.51388888888889,94.44444444444444,100.0,6576.244212962962,豊能,4465.0,0,0.064501679731243
2022,43,熊本県,4312,熊本・上益城,192.0,5.0,7.0,285.0,41.05263157894737,68.42105263157895,100.0,2842.843951985226,熊本・上益城,10842.0,0,0.02628666297731046
2022,24,三重県,2402,中勢伊賀,34.0,1.0,0.0,281.0,100.0,100.0,100.0,10000.0,中勢伊賀,872.0,1,0.32224770642201833
2022,38,愛媛県,3801,宇摩,10.0,2.0,3.0,254.0,66.53543307086615,100.0,100.0,5546.841093682187,宇摩,239.0,0,1.0627615062761506
2022,27,大阪府,2702,三島,42.0,4.0,3.0,249.0,45.78313253012048,75.90361445783132,100.0,3398.17099724198,三島,4767.0,1,0.05223410950283197
2022,29,奈良県,2901,奈良,27.0,1.0,0.0,237.0,100.0,100.0,100.0,10000.0,奈良,584.0,0,0.4058219178082192
2022,11,埼玉県,1108,利根,43.0,2.0,0.0,230.0,95.21739130434783,100.0,100.0,9089.224952741022,利根,942.0,0,0.24416135881104034
2022,09,栃木県,0902,県西,19.0,1.0,2.0,185.0,100.0,100.0,100.0,10000.0,県西,222.0,0,0.8333333333333334
2022,43,熊本県,4302,宇城,22.0,1.0,1.0,183.0,100.0,100.0,100.0,10000.0,宇城,187.0,1,0.9786096256684492
2022,13,東京都,1311,北多摩南部,45.0,1.0,1.0,180.0,100.0,100.0,100.0,10000.0,北多摩南部,4436.0,1,0.0405770964833183
2022,31,鳥取県,3101,東部,20.0,1.0,1.0,178.0,100.0,100.0,100.0,10000.0,東部,332.0,0,0.536144578313253
2022,22,静岡県,2206,志太榛原,24.0,1.0,0.0,168.0,100.0,100.0,100.0,10000.0,志太榛原,733.0,0,0.2291950886766712
2022,26,京都府,2605,山城北,27.0,1.0,0.0,167.0,100.0,100.0,100.0,10000.0,山城北,718.0,0,0.23259052924791088
2022,39,高知県,3904,幡多,21.0,1.0,0.0,157.0,100.0,100.0,100.0,10000.0,幡多,343.0,0,0.4577259475218659
2022,47,沖縄県,4702,中部,33.0,1.0,1.0,153.0,100.0,100.0,100.0,10000.0,中部,900.0,1,0.17
2022,11,埼玉県,1102,南西部,38.0,3.0,3.0,150.0,72.66666666666667,93.33333333333333,100.0,5752.0,南西部,2450.0,1,0.061224489795918366
2022,17,石川県,1702,石川中央,83.0,2.0,0.0,147.0,91.83673469387756,100.0,100.0,8500.624739691795,石川中央,2716.0,0,0.05412371134020619
2022,06,山形県,0603,置賜,19.0,2.0,0.0,145.0,90.3448275862069,100.0,100.0,8255.410225921521,置賜,114.0,1,1.2719298245614035
2022,42,長崎県,4206,五島,11.0,1.0,0.0,142.0,100.0,100.0,100.0,10000.0,五島,115.0,1,1.2347826086956522
2022,05,秋田県,0503,能代・山本,10.0,1.0,0.0,140.0,100.0,100.0,100.0,10000.0,能代・山本,576.0,0,0.24305555555555555
2022,16,富山県,1603,高岡,30.0,1.0,2.0,137.0,100.0,100.0,100.0,10000.0,高岡,502.0,1,0.2729083665338645
2022,36,徳島県,3603,南部,23.0,1.0,0.0,133.0,100.0,100.0,100.0,10000.0,南部,128.0,0,1.0390625
2022,35,山口県,3503,周南,32.0,3.0,1.0,129.0,51.162790697674424,87.59689922480621,100.0,4098.912324980471,周南,214.0,1,0.602803738317757
2022,12,千葉県,1204,印旛,43.0,2.0,1.0,128.0,84.375,100.0,100.0,7363.28125,印旛,2428.0,0,0.05271828665568369
2022,17,石川県,1703,能登中部,11.0,1.0,1.0,127.0,100.0,100.0,100.0,10000.0,能登中部,265.0,0,0.47924528301886793
2022,01,北海道,0120,釧路,31.0,1.0,0.0,123.0,100.0,100.0,100.0,10000.0,釧路,517.0,0,0.2379110251450677
2022,26,京都府,2602,中丹,19.0,1.0,0.0,111.0,100.0,100.0,100.0,10000.0,中丹,311.0,0,0.35691318327974275
2022,31,鳥取県,3102,中部,15.0,2.0,0.0,110.0,62.727272727272734,100.0,100.0,5323.9669421487615,中部,862.0,0,0.12761020881670534
2022,09,栃木県,0901,県北,29.0,1.0,1.0,106.0,100.0,100.0,100.0,10000.0,県北,170.0,0,0.6235294117647059
2022,11,埼玉県,1106,川越比企,59.0,1.0,3.0,106.0,100.0,100.0,100.0,10000.0,川越比企,2134.0,0,0.04967197750702906
2022,41,佐賀県,4102,東部,23.0,1.0,0.0,92.0,100.0,100.0,100.0,10000.0,東部,50.0,1,1.84
2022,18,福井県,1802,奥越,8.0,1.0,0.0,91.0,100.0,100.0,100.0,10000.0,奥越,54.0,1,1.6851851851851851
2022,26,京都府,2601,丹後,8.0,2.0,0.0,90.0,85.55555555555556,100.0,100.0,7528.3950617283945,丹後,446.0,1,0.20179372197309417
2022,30,和歌山県,3001,和歌山,66.0,2.0,2.0,84.0,78.57142857142857,100.0,100.0,6632.65306122449,和歌山,901.0,0,0.0932297447280799
2022,43,熊本県,4311,天草,36.0,1.0,0.0,80.0,100.0,100.0,100.0,10000.0,天草,118.0,0,0.6779661016949152
2022,18,福井県,1804,嶺南,12.0,1.0,1.0,78.0,100.0,100.0,100.0,10000.0,嶺南,962.0,0,0.08108108108108109
2022,01,北海道,0101,南渡島,47.0,2.0,2.0,77.0,71.42857142857143,100.0,100.0,5918.367346938775,南渡島,921.0,0,0.08360477741585233
2022,08,茨城県,0807,取手・竜ヶ崎,31.0,1.0,0.0,77.0,100.0,100.0,100.0,10000.0,取手・竜ヶ崎,517.0,0,0.14893617021276595
2022,08,茨城県,0806,つくば,22.0,1.0,1.0,69.0,100.0,100.0,100.0,10000.0,つくば,2222.0,0,0.031053105310531053
2022,02,青森県,0201,津軽地域,51.0,2.0,0.0,68.0,57.35294117647059,100.0,100.0,5108.131487889274,津軽地域,240.0,1,0.2833333333333333
2022,08,茨城県,0805,土浦,21.0,1.0,0.0,68.0,100.0,100.0,100.0,10000.0,土浦,460.0,0,0.14782608695652175
2022,34,広島県,3404,広島中央,27.0,3.0,2.0,67.0,43.28358208955223,74.62686567164178,100.0,3499.6658498552015,広島中央,196.0,1,0.34183673469387754
2022,01,北海道,0106,南空知,22.0,1.0,1.0,65.0,100.0,100.0,100.0,10000.0,南空知,53.0,1,1.2264150943396226
2022,03,岩手県,0305,気仙,6.0,1.0,0.0,65.0,100.0,100.0,100.0,10000.0,気仙,167.0,0,0.38922155688622756
2022,14,神奈川県,1404,川崎北部,26.0,2.0,1.0,62.0,62.903225806451616,100.0,100.0,5332.986472424558,川崎北部,4880.0,0,0.012704918032786885
2022,13,東京都,1307,区東部,80.0,1.0,4.0,60.0,100.0,100.0,100.0,10000.0,区東部,14253.0,0,0.004209640075773522
2022,14,神奈川県,1411,県西,28.0,1.0,1.0,56.0,100.0,100.0,100.0,10000.0,県西,1045.0,0,0.053588516746411484
2022,17,石川県,1701,南加賀,28.0,1.0,0.0,54.0,100.0,100.0,100.0,10000.0,南加賀,218.0,1,0.24770642201834864
2022,11,埼玉県,1107,西部,61.0,2.0,0.0,52.0,51.92307692307693,100.0,100.0,5007.3964497041425,西部,2210.0,0,0.023529411764705882
2022,14,神奈川県,1408,湘南西部,25.0,2.0,0.0,52.0,55.769230769230774,100.0,100.0,5066.568047337278,湘南西部,1909.0,0,0.027239392352016764
2022,34,広島県,3407,備北,16.0,1.0,1.0,52.0,100.0,100.0,100.0,10000.0,備北,25.0,1,2.08
2022,40,福岡県,4004,筑紫,51.0,1.0,2.0,48.0,100.0,100.0,100.0,10000.0,筑紫,400.0,0,0.12
2022,09,栃木県,0903,宇都宮,53.0,2.0,1.0,45.0,62.22222222222222,100.0,100.0,5298.765432098766,宇都宮,8018.0,0,0.005612372162634074
2022,46,鹿児島県,4610,肝属,40.0,1.0,0.0,45.0,100.0,100.0,100.0,10000.0,肝属,265.0,0,0.16981132075471697
2022,03,岩手県,0302,岩手中部,19.0,1.0,0.0,44.0,100.0,100.0,100.0,10000.0,岩手中部,320.0,1,0.1375
2022,40,福岡県,4006,久留米,90.0,1.0,1.0,43.0,100.0,100.0,100.0,10000.0,久留米,450.0,0,0.09555555555555556
2022,44,大分県,4401,東部,65.0,2.0,2.0,43.0,74.4186046511628,100.0,100.0,6192.536506219577,東部,104.0,1,0.41346153846153844
2022,36,徳島県,3605,西部,21.0,2.0,0.0,40.0,60.0,100.0,100.0,5200.0,西部,38.0,1,1.0526315789473684
2022,11,埼玉県,1105,県央,28.0,2.0,2.0,37.0,67.56756756756756,100.0,100.0,5617.2388604821035,県央,1117.0,0,0.03312444046553268
2022,01,北海道,0116,宗谷,12.0,1.0,1.0,36.0,100.0,100.0,100.0,10000.0,宗谷,54.0,0,0.6666666666666666
2022,32,島根県,3201,松江,25.0,1.0,0.0,35.0,100.0,100.0,100.0,10000.0,松江,1854.0,0,0.018878101402373247
2022,34,広島県,3405,尾三,32.0,1.0,1.0,35.0,100.0,100.0,100.0,10000.0,尾三,0.0,2,inf
2022,12,千葉県,1209,市原,19.0,2.0,3.0,34.0,61.76470588235294,100.0,100.0,5276.81660899654,市原,163.0,0,0.2085889570552147
2022,40,福岡県,4013,京築,25.0,1.0,0.0,34.0,100.0,100.0,100.0,10000.0,京築,0.0,0,inf
2022,10,群馬県,1004,高崎・安中,43.0,2.0,2.0,31.0,67.74193548387096,100.0,100.0,5629.552549427679,高崎・安中,734.0,0,0.04223433242506812
2022,15,新潟県,1505,魚沼,13.0,2.0,1.0,30.0,63.33333333333333,100.0,100.0,5355.555555555556,魚沼,381.0,0,0.07874015748031496
2022,04,宮城県,0409,石巻・登米・気仙沼,25.0,1.0,0.0,29.0,100.0,100.0,100.0,10000.0,石巻・登米・気仙沼,124.0,0,0.23387096774193547
2022,45,宮崎県,4501,宮崎東諸県,79.0,1.0,2.0,29.0,100.0,100.0,100.0,10000.0,宮崎東諸県,2220.0,0,0.013063063063063063
2022,04,宮城県,0403,仙台,121.0,1.0,2.0,20.0,100.0,100.0,100.0,10000.0,仙台,2266.0,0,0.0088261253309797
2022,21,岐阜県,2105,飛騨,12.0,1.0,1.0,18.0,100.0,100.0,100.0,10000.0,飛騨,36.0,1,0.5
2022,12,千葉県,1202,東葛南部,80.0,1.0,2.0,17.0,100.0,100.0,100.0,10000.0,東葛南部,9984.0,0,0.001702724358974359
2022,07,福島県,0707,いわき,27.0,1.0,2.0,16.0,100.0,100.0,100.0,10000.0,いわき,316.0,1,0.05063291139240506
2022,43,熊本県,4308,八代,29.0,1.0,0.0,16.0,100.0,100.0,100.0,10000.0,八代,0.0,1,inf
2022,07,福島県,0702,県中,46.0,1.0,0.0,15.0,100.0,100.0,100.0,10000.0,県中,1260.0,1,0.011904761904761904
2022,42,長崎県,4208,壱岐,5.0,1.0,0.0,15.0,100.0,100.0,100.0,10000.0,壱岐,15.0,0,1.0
2022,06,山形県,0602,最上,5.0,1.0,0.0,14.0,100.0,100.0,100.0,10000.0,最上,15.0,1,0.9333333333333333
2022,28,兵庫県,2804,東播磨,54.0,1.0,2.0,14.0,100.0,100.0,100.0,10000.0,東播磨,2030.0,0,0.006896551724137931
2022,21,岐阜県,2103,中濃,33.0,1.0,2.0,13.0,100.0,100.0,100.0,10000.0,中濃,495.0,1,0.026262626262626262
2022,15,新潟県,1502,新潟,56.0,1.0,0.0,12.0,100.0,100.0,100.0,10000.0,新潟,6465.0,0,0.0018561484918793504
2022,34,広島県,3402,広島西,16.0,1.0,1.0,11.0,100.0,100.0,100.0,10000.0,広島西,1595.0,0,0.006896551724137931
2022,35,山口県,3504,山口・防府,37.0,1.0,1.0,11.0,100.0,100.0,100.0,10000.0,山口・防府,309.0,1,0.03559870550161812
2022,06,山形県,0601,村山,46.0,1.0,0.0,10.0,100.0,100.0,100.0,10000.0,村山,2357.0,0,0.004242681374628765
2022,13,東京都,1302,区南部,55.0,1.0,2.0,10.0,100.0,100.0,100.0,10000.0,区南部,14681.0,0,0.0006811525100469995
2022,01,北海道,0102,南檜山,8.0,0.0,0.0,0.0,,,,,南檜山,0.0,0,
2022,01,北海道,0103,北渡島檜山,6.0,0.0,0.0,0.0,,,,,北渡島檜山,0.0,0,
2022,01,北海道,0107,中空知,15.0,0.0,0.0,0.0,,,,,中空知,49.0,0,0.0
2022,01,北海道,0108,北空知,3.0,0.0,0.0,0.0,,,,,北空知,81.0,0,0.0
2022,01,北海道,0109,西胆振,20.0,0.0,0.0,0.0,,,,,西胆振,12.0,1,0.0
2022,01,北海道,0111,日高,8.0,0.0,1.0,0.0,,,,,日高,33.0,0,0.0
2022,01,北海道,0112,上川中部,54.0,0.0,0.0,0.0,,,,,上川中部,66.0,0,0.0
2022,01,北海道,0113,上川北部,9.0,0.0,0.0,0.0,,,,,上川北部,0.0,1,
2022,01,北海道,0114,富良野,3.0,0.0,0.0,0.0,,,,,富良野,0.0,0,
2022,01,北海道,0115,留萌,7.0,0.0,0.0,0.0,,,,,留萌,23.0,1,0.0
2022,01,北海道,0117,北網,32.0,0.0,0.0,0.0,,,,,北網,372.0,0,0.0
2022,01,北海道,0118,遠紋,11.0,0.0,0.0,0.0,,,,,遠紋,0.0,0,
2022,01,北海道,0121,根室,6.0,0.0,0.0,0.0,,,,,根室,0.0,0,
2022,02,青森県,0204,西北五地域,10.0,0.0,0.0,0.0,,,,,西北五地域,70.0,1,0.0
2022,03,岩手県,0301,盛岡,63.0,0.0,1.0,0.0,,,,,盛岡,629.0,0,0.0
2022,03,岩手県,0303,胆江,15.0,0.0,0.0,0.0,,,,,胆江,0.0,1,
2022,03,岩手県,0304,両磐,15.0,0.0,1.0,0.0,,,,,両磐,25.0,1,0.0
2022,03,岩手県,0306,釜石,7.0,0.0,0.0,0.0,,,,,釜石,0.0,2,
2022,03,岩手県,0307,宮古,9.0,0.0,0.0,0.0,,,,,宮古,0.0,1,
2022,03,岩手県,0308,久慈,7.0,0.0,0.0,0.0,,,,,久慈,0.0,0,
2022,03,岩手県,0309,二戸,8.0,0.0,0.0,0.0,,,,,二戸,0.0,0,
2022,04,宮城県,0401,仙南,16.0,0.0,0.0,0.0,,,,,仙南,38.0,1,0.0
2022,04,宮城県,0406,大崎・栗原,35.0,0.0,1.0,0.0,,,,,大崎・栗原,24.0,1,0.0
2022,05,秋田県,0501,大館・鹿角,9.0,0.0,0.0,0.0,,,,,大館・鹿角,0.0,1,
2022,05,秋田県,0502,北秋田,2.0,0.0,0.0,0.0,,,,,北秋田,97.0,1,0.0
2022,05,秋田県,0506,大仙・仙北,12.0,0.0,0.0,0.0,,,,,大仙・仙北,0.0,0,
2022,05,秋田県,0507,横手,5.0,0.0,0.0,0.0,,,,,横手,0.0,1,
2022,05,秋田県,0508,湯沢・雄勝,5.0,0.0,0.0,0.0,,,,,湯沢・雄勝,0.0,0,
2022,06,山形県,0604,庄内,24.0,0.0,2.0,0.0,,,,,庄内,35.0,0,0.0
2022,07,福島県,0701,県北,34.0,0.0,2.0,0.0,,,,,県北,146.0,1,0.0
2022,07,福島県,0703,県南,10.0,0.0,1.0,0.0,,,,,県南,0.0,1,
2022,07,福島県,0706,相双,15.0,0.0,0.0,0.0,,,,,相双,0.0,1,
2022,08,茨城県,0801,水戸,51.0,0.0,1.0,0.0,,,,,水戸,17.0,1,0.0
2022,08,茨城県,0804,鹿行,18.0,0.0,0.0,0.0,,,,,鹿行,110.0,0,0.0
2022,08,茨城県,0808,筑西・下妻,20.0,0.0,0.0,0.0,,,,,筑西・下妻,61.0,0,0.0
2022,08,茨城県,0809,古河・坂東,15.0,0.0,0.0,0.0,,,,,古河・坂東,0.0,0,
2022,09,栃木県,0904,県東,10.0,0.0,0.0,0.0,,,,,県東,25.0,0,0.0
2022,09,栃木県,0905,県南,39.0,0.0,2.0,0.0,,,,,県南,307.0,0,0.0
2022,10,群馬県,1001,前橋,34.0,0.0,0.0,0.0,,,,,前橋,526.0,0,0.0
2022,10,群馬県,1002,渋川,10.0,0.0,0.0,0.0,,,,,渋川,17.0,1,0.0
2022,10,群馬県,1003,伊勢崎,19.0,0.0,1.0,0.0,,,,,伊勢崎,198.0,0,0.0
2022,10,群馬県,1005,藤岡,5.0,0.0,0.0,0.0,,,,,藤岡,13.0,1,0.0
2022,10,群馬県,1006,富岡,5.0,0.0,0.0,0.0,,,,,富岡,0.0,2,
2022,10,群馬県,1007,吾妻,11.0,0.0,0.0,0.0,,,,,吾妻,0.0,0,
2022,10,群馬県,1008,沼田,11.0,0.0,0.0,0.0,,,,,沼田,0.0,2,
2022,10,群馬県,1009,桐生,15.0,0.0,0.0,0.0,,,,,桐生,47.0,0,0.0
2022,11,埼玉県,1110,秩父,10.0,0.0,0.0,0.0,,,,,秩父,0.0,1,
2022,12,千葉県,1205,香取海匝,22.0,0.0,1.0,0.0,,,,,香取海匝,627.0,0,0.0
2022,12,千葉県,1208,君津,29.0,0.0,0.0,0.0,,,,,君津,438.0,0,0.0
2022,13,東京都,1308,西多摩,28.0,0.0,0.0,0.0,,,,,西多摩,2631.0,0,0.0
2022,13,東京都,1312,北多摩北部,40.0,0.0,0.0,0.0,,,,,北多摩北部,9121.0,0,0.0
2022,13,東京都,1313,島しょ,8.0,0.0,0.0,0.0,,,,,島しょ,0.0,0,
2022,14,神奈川県,1407,湘南東部,35.0,0.0,0.0,0.0,,,,,湘南東部,2680.0,0,0.0
2022,15,新潟県,1501,下越,15.0,0.0,0.0,0.0,,,,,下越,85.0,1,0.0
2022,15,新潟県,1503,県央,11.0,0.0,0.0,0.0,,,,,県央,65.0,1,0.0
2022,15,新潟県,1504,中越,17.0,0.0,0.0,0.0,,,,,中越,1183.0,0,0.0
2022,15,新潟県,1506,上越,15.0,0.0,0.0,0.0,,,,,上越,286.0,0,0.0
2022,15,新潟県,1507,佐渡,4.0,0.0,0.0,0.0,,,,,佐渡,0.0,2,
2022,16,富山県,1604,砺波,15.0,0.0,0.0,0.0,,,,,砺波,0.0,1,
2022,17,石川県,1704,能登北部,6.0,0.0,0.0,0.0,,,,,能登北部,22.0,1,0.0
2022,19,山梨県,1901,中北,48.0,0.0,1.0,0.0,,,,,中北,602.0,1,0.0
2022,19,山梨県,1903,峡南,6.0,0.0,0.0,0.0,,,,,峡南,0.0,1,
2022,19,山梨県,1904,富士・東部,12.0,0.0,0.0,0.0,,,,,富士・東部,834.0,1,0.0
2022,20,長野県,2002,上小,19.0,0.0,0.0,0.0,,,,,上小,106.0,1,0.0
2022,20,長野県,2003,諏訪,13.0,0.0,0.0,0.0,,,,,諏訪,40.0,1,0.0
2022,20,長野県,2004,上伊那,9.0,0.0,0.0,0.0,,,,,上伊那,110.0,1,0.0
2022,20,長野県,2006,木曽,1.0,0.0,0.0,0.0,,,,,木曽,0.0,0,
2022,20,長野県,2008,大北,3.0,0.0,0.0,0.0,,,,,大北,210.0,0,0.0
2022,20,長野県,2010,北信,4.0,0.0,0.0,0.0,,,,,北信,0.0,1,
2022,21,岐阜県,2102,西濃,32.0,0.0,0.0,0.0,,,,,西濃,211.0,0,0.0
2022,21,岐阜県,2104,東濃,23.0,0.0,1.0,0.0,,,,,東濃,38.0,2,0.0
2022,22,静岡県,2201,賀茂,10.0,0.0,0.0,0.0,,,,,賀茂,0.0,0,
2022,22,静岡県,2202,熱海伊東,12.0,0.0,0.0,0.0,,,,,熱海伊東,81.0,1,0.0
2022,22,静岡県,2204,富士,31.0,0.0,1.0,0.0,,,,,富士,71.0,1,0.0
2022,23,愛知県,2302,海部,22.0,0.0,0.0,0.0,,,,,海部,261.0,0,0.0
2022,23,愛知県,2310,西三河南部東,24.0,0.0,0.0,0.0,,,,,西三河南部東,1531.0,0,0.0
2022,23,愛知県,2311,東三河北部,5.0,0.0,1.0,0.0,,,,,東三河北部,266.0,1,0.0
2022,23,愛知県,2312,東三河南部,54.0,0.0,0.0,0.0,,,,,東三河南部,1156.0,0,0.0
2022,24,三重県,2401,北勢,62.0,0.0,2.0,0.0,,,,,北勢,5315.0,1,0.0
2022,24,三重県,2404,東紀州,5.0,0.0,0.0,0.0,,,,,東紀州,0.0,0,
2022,25,滋賀県,2501,大津,22.0,0.0,0.0,0.0,,,,,大津,62.0,0,0.0
2022,25,滋賀県,2502,湖南,21.0,0.0,1.0,0.0,,,,,湖南,1903.0,0,0.0
2022,25,滋賀県,2503,甲賀,8.0,0.0,0.0,0.0,,,,,甲賀,146.0,1,0.0
2022,25,滋賀県,2504,東近江,15.0,0.0,0.0,0.0,,,,,東近江,217.0,0,0.0
2022,25,滋賀県,2505,湖東,6.0,0.0,0.0,0.0,,,,,湖東,62.0,0,0.0
2022,25,滋賀県,2506,湖北,4.0,0.0,0.0,0.0,,,,,湖北,0.0,1,
2022,25,滋賀県,2507,湖西,3.0,0.0,0.0,0.0,,,,,湖西,10.0,0,0.0
2022,26,京都府,2603,南丹,14.0,0.0,0.0,0.0,,,,,南丹,0.0,1,
2022,26,京都府,2606,山城南,4.0,0.0,0.0,0.0,,,,,山城南,4167.0,0,0.0
2022,27,大阪府,2704,中河内,42.0,0.0,0.0,0.0,,,,,中河内,3119.0,0,0.0
2022,27,大阪府,2706,堺市,54.0,0.0,0.0,0.0,,,,,堺市,4763.0,0,0.0
2022,28,兵庫県,2808,但馬,11.0,0.0,0.0,0.0,,,,,但馬,308.0,1,0.0
2022,28,兵庫県,2809,丹波,8.0,0.0,0.0,0.0,,,,,丹波,0.0,0,
2022,28,兵庫県,2810,淡路,15.0,0.0,0.0,0.0,,,,,淡路,24.0,0,0.0
2022,29,奈良県,2902,東和,16.0,0.0,0.0,0.0,,,,,東和,37.0,0,0.0
2022,29,奈良県,2904,中和,22.0,0.0,0.0,0.0,,,,,中和,396.0,0,0.0
2022,29,奈良県,2905,南和,7.0,0.0,0.0,0.0,,,,,南和,0.0,0,
2022,30,和歌山県,3002,那賀,12.0,0.0,0.0,0.0,,,,,那賀,197.0,0,0.0
2022,30,和歌山県,3003,橋本,8.0,0.0,0.0,0.0,,,,,橋本,0.0,0,
2022,30,和歌山県,3004,有田,7.0,0.0,1.0,0.0,,,,,有田,118.0,1,0.0
2022,30,和歌山県,3005,御坊,5.0,0.0,0.0,0.0,,,,,御坊,95.0,1,0.0
2022,30,和歌山県,3006,田辺,13.0,0.0,1.0,0.0,,,,,田辺,14.0,1,0.0
2022,30,和歌山県,3007,新宮,11.0,0.0,0.0,0.0,,,,,新宮,20.0,1,0.0
2022,31,鳥取県,3103,西部,34.0,0.0,2.0,0.0,,,,,西部,39.0,0,0.0
2022,32,島根県,3202,雲南,4.0,0.0,0.0,0.0,,,,,雲南,0.0,0,
2022,32,島根県,3203,出雲,18.0,0.0,0.0,0.0,,,,,出雲,3581.0,0,0.0
2022,32,島根県,3205,浜田,8.0,0.0,1.0,0.0,,,,,浜田,0.0,2,
2022,32,島根県,3206,益田,4.0,0.0,0.0,0.0,,,,,益田,165.0,1,0.0
2022,32,島根県,3207,隠岐,2.0,0.0,1.0,0.0,,,,,隠岐,0.0,1,
2022,33,岡山県,3303,高梁・新見,10.0,0.0,0.0,0.0,,,,,高梁・新見,0.0,0,
2022,33,岡山県,3304,真庭,7.0,0.0,0.0,0.0,,,,,真庭,0.0,2,
2022,33,岡山県,3305,津山・英田,30.0,0.0,0.0,0.0,,,,,津山・英田,0.0,2,
2022,35,山口県,3501,岩国,20.0,0.0,1.0,0.0,,,,,岩国,617.0,1,0.0
2022,35,山口県,3502,柳井,13.0,0.0,0.0,0.0,,,,,柳井,45.0,1,0.0
2022,35,山口県,3505,宇部・小野田,29.0,0.0,1.0,0.0,,,,,宇部・小野田,140.0,1,0.0
2022,35,山口県,3507,長門,7.0,0.0,1.0,0.0,,,,,長門,0.0,2,
2022,35,山口県,3508,萩,9.0,0.0,0.0,0.0,,,,,萩,0.0,2,
2022,37,香川県,3702,小豆,2.0,0.0,0.0,0.0,,,,,小豆,0.0,0,
2022,38,愛媛県,3802,新居浜・西条,28.0,0.0,0.0,0.0,,,,,新居浜・西条,115.0,0,0.0
2022,38,愛媛県,3805,八幡浜・大洲,20.0,0.0,0.0,0.0,,,,,八幡浜・大洲,24.0,1,0.0
2022,38,愛媛県,3806,宇和島,21.0,0.0,0.0,0.0,,,,,宇和島,10.0,0,0.0
2022,39,高知県,3901,安芸,10.0,0.0,0.0,0.0,,,,,安芸,0.0,0,
2022,39,高知県,3903,高幡,9.0,0.0,1.0,0.0,,,,,高幡,0.0,0,
2022,40,福岡県,4002,粕屋,38.0,0.0,1.0,0.0,,,,,粕屋,360.0,0,0.0
2022,40,福岡県,4003,宗像,22.0,0.0,0.0,0.0,,,,,宗像,129.0,1,0.0
2022,40,福岡県,4005,朝倉,11.0,0.0,0.0,0.0,,,,,朝倉,0.0,2,
2022,40,福岡県,4007,八女・筑後,22.0,0.0,2.0,0.0,,,,,八女・筑後,23.0,0,0.0
2022,40,福岡県,4010,直方・鞍手,15.0,0.0,0.0,0.0,,,,,直方・鞍手,0.0,0,
2022,40,福岡県,4011,田川,28.0,0.0,0.0,0.0,,,,,田川,0.0,1,
2022,41,佐賀県,4101,中部,81.0,0.0,3.0,0.0,,,,,中部,283.0,1,0.0
2022,41,佐賀県,4103,北部,32.0,0.0,0.0,0.0,,,,,北部,236.0,0,0.0
2022,41,佐賀県,4104,西部,18.0,0.0,0.0,0.0,,,,,西部,0.0,1,
2022,42,長崎県,4203,県央,66.0,0.0,1.0,0.0,,,,,県央,33.0,0,0.0
2022,42,長崎県,4204,県南,36.0,0.0,1.0,0.0,,,,,県南,0.0,1,
2022,42,長崎県,4207,上五島,2.0,0.0,0.0,0.0,,,,,上五島,0.0,0,
2022,42,長崎県,4209,対馬,3.0,0.0,1.0,0.0,,,,,対馬,0.0,1,
2022,43,熊本県,4304,鹿本,13.0,0.0,1.0,0.0,,,,,鹿本,0.0,2,
2022,43,熊本県,4305,菊池,30.0,0.0,0.0,0.0,,,,,菊池,0.0,0,
2022,43,熊本県,4306,阿蘇,9.0,0.0,0.0,0.0,,,,,阿蘇,0.0,0,
2022,43,熊本県,4310,球磨,21.0,0.0,0.0,0.0,,,,,球磨,120.0,1,0.0
2022,44,大分県,4405,南部,16.0,0.0,0.0,0.0,,,,,南部,0.0,1,
2022,44,大分県,4406,豊肥,17.0,0.0,0.0,0.0,,,,,豊肥,160.0,1,0.0
2022,44,大分県,4408,西部,33.0,0.0,1.0,0.0,,,,,西部,0.0,2,
2022,45,宮崎県,4502,都城北諸県,54.0,0.0,0.0,0.0,,,,,都城北諸県,232.0,0,0.0
2022,45,宮崎県,4504,日南串間,13.0,0.0,0.0,0.0,,,,,日南串間,0.0,1,
2022,45,宮崎県,4505,西諸,23.0,0.0,1.0,0.0,,,,,西諸,18.0,1,0.0
2022,45,宮崎県,4506,西都児湯,15.0,0.0,0.0,0.0,,,,,西都児湯,0.0,0,
2022,45,宮崎県,4507,日向入郷,18.0,0.0,0.0,0.0,,,,,日向入郷,0.0,0,
2022,46,鹿児島県,4605,川薩,33.0,0.0,1.0,0.0,,,,,川薩,0.0,2,
2022,46,鹿児島県,4606,出水,19.0,0.0,0.0,0.0,,,,,出水,0.0,1,
2022,46,鹿児島県,4611,熊毛,5.0,0.0,0.0,0.0,,,,,熊毛,0.0,0,
2022,46,鹿児島県,4612,奄美,27.0,0.0,2.0,0.0,,,,,奄美,768.0,0,0.0
2022,47,沖縄県,4701,北部,10.0,0.0,0.0,0.0,,,,,北部,0.0,0,
2022,47,沖縄県,4704,宮古,9.0,0.0,0.0,0.0,,,,,宮古,528.0,0,0.0
2022,47,沖縄県,4705,八重山,6.0,0.0,0.0,0.0,,,,,八重山,0.0,0,
2023,27,大阪府,2708,大阪市,222.0,7.0,11.0,24955.0,90.57904227609697,97.72390302544581,99.84371869364857,8257.479162753425,大阪市,38272.0,0,0.6520432692307693
2023,09,栃木県,0901,県北,29.0,3.0,1.0,11066.0,99.48490872944153,99.89155973251401,100.0,9897.424189235224,県北,68.0,1,162.73529411764707
2023,22,静岡県,2207,中東遠,27.0,4.0,2.0,10240.0,97.265625,99.1015625,99.99999999999999,9464.403533935547,中東遠,315.0,1,32.507936507936506
2023,11,埼玉県,1106,川越比企,56.0,5.0,3.0,9693.0,96.87403280718044,97.87475497781905,100.0,9387.155550570153,川越比企,1647.0,0,5.885245901639344
2023,23,愛知県,2304,尾張東部,32.0,3.0,0.0,9251.0,99.448708247757,99.83785536698736,100.0,9890.22329850991,尾張東部,331.0,0,27.948640483383684
2023,13,東京都,1301,区中央部,69.0,7.0,4.0,9214.0,89.40742348599957,94.92077273713913,99.50075971347948,8032.476367231018,区中央部,284391.0,0,0.032399056228924264
2023,01,北海道,0112,上川中部,54.0,2.0,5.0,8943.0,91.68064407916806,100.0,100.0,8474.552181708574,上川中部,365.0,1,24.5013698630137
2023,23,愛知県,2309,西三河南部西,40.0,5.0,1.0,7992.0,97.24724724724724,98.58608608608608,100.0,9459.776029783538,西三河南部西,1077.0,0,7.420612813370473
2023,28,兵庫県,2812,播磨姫路,69.0,4.0,3.0,6110.0,96.87397708674304,98.46153846153847,100.0,9388.361758379519,播磨姫路,1166.0,0,5.240137221269297
2023,11,埼玉県,1108,利根,39.0,3.0,2.0,5892.0,98.67617107942974,99.83027834351662,100.0,9738.347507914583,利根,1604.0,0,3.6733167082294265
2023,13,東京都,1305,区西北部,122.0,12.0,7.0,5456.0,71.62756598240469,83.13782991202346,94.42815249266863,5326.610484515958,区西北部,31711.0,0,0.17205386143609472
2023,16,富山県,1601,新川,14.0,1.0,0.0,5224.0,100.0,100.0,100.0,10000.0,新川,0.0,1,inf
2023,40,福岡県,4004,筑紫,47.0,2.0,1.0,4803.0,76.34811576098272,100.0,100.0,6388.446408308291,筑紫,2149.0,0,2.2349930200093064
2023,12,千葉県,1203,東葛北部,68.0,8.0,6.0,3936.0,66.15853658536585,89.2530487804878,96.87500000000001,4934.131572641946,東葛北部,6388.0,0,0.6161552911709455
2023,11,埼玉県,1109,北部,48.0,2.0,0.0,2993.0,86.9695957233545,100.0,100.0,7733.502015896543,北部,765.0,1,3.9124183006535946
2023,47,沖縄県,4703,南部,65.0,8.0,3.0,2640.0,71.81818181818181,85.07575757575758,96.55303030303031,5382.9746326905415,南部,3437.0,1,0.7681117253418679
2023,01,北海道,0104,札幌,301.0,25.0,8.0,2266.0,15.578111209179172,29.523389232127094,58.25242718446603,877.6269018430478,札幌,11388.0,0,0.19898138391289077
2023,14,神奈川県,1405,川崎南部,26.0,3.0,1.0,2143.0,86.09426038264115,98.97340177321512,100.0,7579.147857711648,川崎南部,4033.0,1,0.531366228613935
2023,43,熊本県,4312,熊本・上益城,181.0,9.0,5.0,2132.0,86.77298311444653,89.77485928705441,96.24765478424015,7556.79558166631,熊本・上益城,11969.0,1,0.178126827638065
2023,44,大分県,4405,南部,15.0,1.0,0.0,1932.0,100.0,100.0,100.0,10000.0,南部,1985.0,0,0.9732997481108312
2023,01,北海道,0118,遠紋,11.0,1.0,0.0,1631.0,100.0,100.0,100.0,10000.0,遠紋,0.0,1,inf
2023,13,東京都,1303,区西南部,81.0,3.0,1.0,1426.0,66.90042075736325,86.53576437587658,100.0,5042.498657471246,区西南部,55318.0,0,0.025778227701652265
2023,26,京都府,2604,京都・乙訓,119.0,6.0,4.0,1417.0,43.75441072688779,66.83133380381088,96.96541990119974,2783.435737732514,京都・乙訓,6305.0,1,0.22474226804123712
2023,04,宮城県,0406,大崎・栗原,35.0,2.0,1.0,1317.0,89.97722095671982,100.0,100.0,8196.356390844796,大崎・栗原,1454.0,0,0.905777166437414
2023,22,静岡県,2203,駿東田方,75.0,3.0,4.0,1294.0,87.94435857805254,97.68160741885626,100.0,7834.399164853121,駿東田方,2607.0,0,0.4963559647103951
2023,12,千葉県,1209,市原,19.0,3.0,0.0,1197.0,86.46616541353383,98.07852965747703,100.0,7614.9368129318,市原,1383.0,1,0.8655097613882863
2023,27,大阪府,2703,北河内,72.0,9.0,3.0,1166.0,47.25557461406518,76.5008576329331,95.88336192109777,3265.345451014891,北河内,6330.0,1,0.18420221169036335
2023,20,長野県,2007,松本,34.0,3.0,3.0,1144.0,64.94755244755245,84.0034965034965,100.0,4837.201696904494,松本,1738.0,0,0.6582278481012658
2023,02,青森県,0202,八戸地域,40.0,2.0,0.0,1140.0,97.63157894736842,100.0,100.0,9537.534626038781,八戸地域,3572.0,0,0.3191489361702128
2023,16,富山県,1603,高岡,30.0,3.0,1.0,1135.0,96.74008810572687,98.94273127753304,100.0,9364.61410079761,高岡,1156.0,0,0.9818339100346021
2023,47,沖縄県,4702,中部,33.0,1.0,0.0,1135.0,100.0,100.0,100.0,10000.0,中部,2858.0,1,0.39713086074177745
2023,01,北海道,0119,十勝,44.0,3.0,3.0,1055.0,52.51184834123222,91.37440758293839,100.0,4342.193571572966,十勝,1144.0,0,0.9222027972027972
2023,28,兵庫県,2811,阪神,109.0,8.0,6.0,1008.0,41.17063492063492,64.88095238095238,91.17063492063491,2536.178823381204,阪神,11489.0,0,0.08773609539559579
2023,22,静岡県,2205,静岡,43.0,2.0,1.0,994.0,82.19315895372233,100.0,100.0,7072.798966839265,静岡,2667.0,0,0.37270341207349084
2023,13,東京都,1304,区西部,70.0,4.0,6.0,937.0,57.950907150480255,75.77374599786553,100.0,3978.990146576929,区西部,172474.0,0,0.0054327029001472685
2023,34,広島県,3401,広島,145.0,12.0,5.0,880.0,17.5,32.38636363636363,70.22727272727273,1172.8305785123966,広島,3889.0,0,0.22627924916430958
2023,42,長崎県,4204,県南,33.0,1.0,1.0,846.0,100.0,100.0,100.0,10000.0,県南,0.0,1,inf
2023,34,広島県,3406,福山・府中,65.0,4.0,3.0,823.0,82.7460510328068,93.56014580801943,99.99999999999999,6986.25040416105,福山・府中,1753.0,0,0.4694808899030234
2023,28,兵庫県,2801,神戸,122.0,9.0,6.0,821.0,35.32277710109623,61.14494518879415,90.86479902557856,2268.956932886872,神戸,10351.0,0,0.07931600811515796
2023,07,福島県,0708,会津・南会津,23.0,2.0,2.0,802.0,97.75561097256858,100.0,100.0,9561.196758726624,会津・南会津,830.0,0,0.9662650602409638
2023,16,富山県,1602,富山,56.0,2.0,1.0,779.0,84.46726572528883,100.0,100.0,7375.984813155341,富山,1437.0,1,0.5421016005567154
2023,41,佐賀県,4105,南部,48.0,4.0,1.0,769.0,89.46684005201561,96.61898569570872,100.0,8061.218105353582,南部,1965.0,2,0.39134860050890585
2023,14,神奈川県,1412,横浜,169.0,14.0,13.0,762.0,22.965879265091864,38.71391076115486,71.65354330708662,1288.5003547784872,横浜,32285.0,0,0.0236022920861081
2023,21,岐阜県,2101,岐阜,86.0,7.0,7.0,759.0,41.63372859025033,73.25428194993412,95.91567852437417,2942.485518529513,岐阜,3269.0,0,0.23218109513612725
2023,03,岩手県,0301,盛岡,59.0,6.0,1.0,758.0,56.596306068601585,71.6358839050132,98.15303430079156,3740.88874346461,盛岡,1723.0,0,0.4399303540336622
2023,33,岡山県,3301,県南東部,127.0,4.0,1.0,743.0,92.32839838492598,96.23149394347242,100.0,8546.86812221379,県南東部,1911.0,0,0.3888016745159602
2023,23,愛知県,2307,知多半島,34.0,3.0,2.0,741.0,68.9608636977058,87.4493927125506,99.99999999999999,5254.944170350094,知多半島,1308.0,0,0.5665137614678899
2023,42,長崎県,4201,長崎,101.0,5.0,5.0,729.0,69.82167352537722,85.18518518518519,100.0,5193.558645268243,長崎,1177.0,0,0.6193712829226848
2023,40,福岡県,4008,有明,48.0,1.0,1.0,721.0,100.0,100.0,100.0,10000.0,有明,174.0,1,4.14367816091954
2023,23,愛知県,2313,名古屋・尾張中部,186.0,10.0,10.0,708.0,40.67796610169492,57.909604519774014,82.34463276836159,2229.3641673848515,名古屋・尾張中部,48943.0,0,0.014465807163435016
2023,07,福島県,0702,県中,44.0,1.0,0.0,688.0,100.0,100.0,100.0,10000.0,県中,3711.0,0,0.18539477229857182
2023,14,神奈川県,1410,相模原,39.0,3.0,0.0,674.0,93.91691394658753,98.21958456973293,99.99999999999999,8842.069578846338,相模原,15003.0,0,0.04492434846364061
2023,44,大分県,4403,中部,145.0,8.0,3.0,634.0,65.14195583596214,75.39432176656152,93.05993690851734,4479.4952681388,中部,1559.0,0,0.40667094291212313
2023,40,福岡県,4001,福岡・糸島,223.0,9.0,8.0,606.0,33.663366336633665,62.37623762376238,90.59405940594058,2272.5985469834113,福岡・糸島,12026.0,0,0.05039081989023782
2023,27,大阪府,2706,堺市,51.0,1.0,1.0,588.0,100.0,100.0,100.0,10000.0,堺市,3823.0,0,0.1538059115877583
2023,27,大阪府,2705,南河内,40.0,3.0,1.0,570.0,78.0701754385965,95.08771929824562,100.0,6408.679593721145,南河内,827.0,1,0.6892382103990327
2023,13,東京都,1310,北多摩西部,33.0,4.0,3.0,568.0,52.46478873239436,90.66901408450704,100.0,4255.666038484427,北多摩西部,2003.0,0,0.2835746380429356
2023,13,東京都,1307,区東部,82.0,3.0,5.0,543.0,71.08655616942909,94.47513812154695,99.99999999999999,5630.848332536316,区東部,10787.0,1,0.05033837026049875
2023,12,千葉県,1204,印旛,42.0,3.0,3.0,539.0,49.90723562152134,90.72356215213358,99.99999999999999,4242.756977980937,印旛,2108.0,0,0.25569259962049334
2023,01,北海道,0101,南渡島,50.0,3.0,3.0,526.0,60.07604562737643,81.93916349809886,100.0,4413.320996400122,南渡島,884.0,1,0.5950226244343891
2023,13,東京都,1309,南多摩,88.0,5.0,5.0,521.0,74.85604606525912,84.45297504798465,100.0,5776.319715886694,南多摩,6073.0,0,0.08578956034908612
2023,23,愛知県,2306,尾張北部,55.0,4.0,3.0,511.0,64.9706457925636,92.56360078277885,100.0,5015.1079384653085,尾張北部,1292.0,0,0.3955108359133127
2023,08,茨城県,0807,取手・竜ヶ崎,31.0,3.0,0.0,506.0,83.99209486166008,97.03557312252966,100.0,7233.592151103752,取手・竜ヶ崎,1366.0,0,0.37042459736456806
2023,11,埼玉県,1103,東部,71.0,2.0,3.0,503.0,93.63817097415506,100.0,100.0,8808.57993193918,東部,11682.0,0,0.04305769560006848
2023,17,石川県,1702,石川中央,82.0,4.0,1.0,488.0,50.409836065573764,77.45901639344261,100.0,3654.5955388336465,石川中央,3493.0,0,0.1397079874033782
2023,11,埼玉県,1101,南部,34.0,3.0,0.0,481.0,87.11018711018711,97.71309771309771,100.0,7705.836333694962,南部,11185.0,0,0.04300402324541797
2023,32,島根県,3204,大田,8.0,2.0,1.0,475.0,77.6842105263158,100.0,100.0,6532.831024930748,大田,506.0,0,0.9387351778656127
2023,06,山形県,0604,庄内,21.0,2.0,2.0,470.0,95.74468085106383,100.0,100.0,9185.151652331373,庄内,3996.0,1,0.11761761761761762
2023,46,鹿児島県,4607,姶良・伊佐,72.0,3.0,2.0,465.0,72.04301075268818,96.55913978494624,100.0,5803.07550005781,姶良・伊佐,218.0,1,2.13302752293578
2023,31,鳥取県,3102,中部,15.0,3.0,2.0,462.0,91.34199134199135,97.18614718614718,100.0,8385.43130750923,中部,877.0,0,0.5267958950969214
2023,14,神奈川県,1409,県央,45.0,3.0,4.0,454.0,86.56387665198237,97.3568281938326,100.0,7616.778901201265,県央,3819.0,0,0.11887928777166798
2023,11,埼玉県,1102,南西部,37.0,6.0,6.0,438.0,43.60730593607306,70.54794520547945,94.97716894977168,2878.067596588896,南西部,3646.0,0,0.12013165112452003
2023,01,北海道,0107,中空知,17.0,1.0,0.0,414.0,100.0,100.0,100.0,10000.0,中空知,462.0,0,0.8961038961038961
2023,12,千葉県,1201,千葉,64.0,3.0,4.0,392.0,80.86734693877551,92.3469387755102,100.0,6729.8781757601,千葉,14235.0,1,0.02753775904460836
2023,04,宮城県,0403,仙台,120.0,7.0,4.0,379.0,40.105540897097626,68.33773087071239,93.66754617414247,2659.338211234954,仙台,2393.0,0,0.15837860426243208
2023,38,愛媛県,3803,今治,43.0,3.0,3.0,373.0,55.22788203753352,96.51474530831099,100.0,4766.871033357532,今治,280.0,1,1.332142857142857
2023,46,鹿児島県,4609,曽於,14.0,3.0,0.0,370.0,58.108108108108105,95.4054054054054,100.0,4788.750913075237,曽於,370.0,0,1.0
2023,45,宮崎県,4501,宮崎東諸県,75.0,3.0,3.0,361.0,60.11080332409973,88.36565096952909,100.0,4547.003169097844,宮崎東諸県,1652.0,0,0.2185230024213075
2023,36,徳島県,3601,東部,112.0,7.0,7.0,359.0,39.27576601671309,67.40947075208913,90.80779944289694,2567.717506847402,東部,971.0,1,0.36972193614830073
2023,24,三重県,2403,南勢志摩,39.0,2.0,2.0,358.0,70.11173184357543,100.0,100.0,5808.9635154957705,南勢志摩,1277.0,0,0.2803445575567737
2023,03,岩手県,0304,両磐,13.0,1.0,2.0,347.0,100.0,100.0,100.0,10000.0,両磐,441.0,1,0.7868480725623582
2023,46,鹿児島県,4603,南薩,46.0,2.0,3.0,346.0,52.89017341040463,100.0,100.0,5016.70620468442,南薩,385.0,0,0.8987012987012987
2023,38,愛媛県,3804,松山,105.0,7.0,7.0,342.0,20.760233918128655,39.76608187134503,86.8421052631579,1662.3918470640535,松山,1596.0,0,0.21428571428571427
2023,14,神奈川県,1406,横須賀・三浦,41.0,4.0,2.0,336.0,52.976190476190474,89.28571428571428,99.99999999999999,4190.93679138322,横須賀・三浦,4787.0,0,0.07019009818257782
2023,27,大阪府,2707,泉州,70.0,4.0,2.0,325.0,55.38461538461539,75.6923076923077,100.0,3775.715976331361,泉州,3282.0,0,0.09902498476538696
2023,18,福井県,1801,福井・坂井,55.0,6.0,1.0,318.0,25.157232704402517,49.056603773584904,93.08176100628931,1966.2988014714608,福井・坂井,3977.0,0,0.07995976866985165
2023,13,東京都,1308,西多摩,28.0,1.0,0.0,309.0,100.0,100.0,100.0,10000.0,西多摩,1458.0,1,0.21193415637860083
2023,13,東京都,1312,北多摩北部,41.0,3.0,3.0,306.0,76.47058823529412,93.4640522875817,100.0,6179.247298047759,北多摩北部,4036.0,0,0.07581764122893954
2023,23,愛知県,2305,尾張西部,40.0,5.0,1.0,306.0,51.9607843137255,83.66013071895425,100.0,3797.257465077534,尾張西部,1113.0,0,0.2749326145552561
2023,28,兵庫県,2805,北播磨,26.0,3.0,0.0,298.0,46.644295302013425,89.93288590604027,100.0,4150.9391468852755,北播磨,564.0,0,0.5283687943262412
2023,09,栃木県,0906,両毛,23.0,1.0,1.0,296.0,100.0,100.0,100.0,10000.0,両毛,802.0,0,0.3690773067331671
2023,08,茨城県,0801,水戸,51.0,3.0,0.0,292.0,76.71232876712328,90.75342465753424,100.0,6167.432914242822,水戸,1616.0,0,0.1806930693069307
2023,21,岐阜県,2102,西濃,32.0,1.0,1.0,290.0,100.0,100.0,100.0,10000.0,西濃,390.0,1,0.7435897435897436
2023,37,香川県,3707,西部,63.0,2.0,3.0,286.0,66.78321678321679,100.0,100.0,5563.352731184898,西部,365.0,1,0.7835616438356164
2023,24,三重県,2402,中勢伊賀,36.0,3.0,2.0,279.0,79.92831541218638,93.5483870967742,100.0,6615.665266376331,中勢伊賀,1702.0,0,0.16392479435957696
2023,44,大分県,4401,東部,65.0,2.0,3.0,274.0,85.40145985401459,100.0,100.0,7506.526719590814,東部,292.0,1,0.9383561643835616
2023,17,石川県,1703,能登中部,12.0,1.0,0.0,270.0,100.0,100.0,100.0,10000.0,能登中部,998.0,1,0.27054108216432865
2023,37,香川県,3706,東部,83.0,2.0,2.0,260.0,87.3076923076923,100.0,100.0,7783.727810650887,東部,223.0,1,1.1659192825112108
2023,43,熊本県,4309,芦北,19.0,2.0,0.0,254.0,85.43307086614173,100.0,100.0,7511.005022010045,芦北,263.0,0,0.9657794676806084
2023,13,東京都,1306,区東北部,110.0,6.0,6.0,250.0,41.199999999999996,64.8,94.39999999999999,2637.120000000001,区東北部,54302.0,0,0.004603881993296748
2023,12,千葉県,1202,東葛南部,77.0,5.0,6.0,240.0,42.916666666666664,77.08333333333333,100.0,3187.499999999999,東葛南部,9316.0,0,0.025762129669386003
2023,23,愛知県,2308,西三河北部,27.0,2.0,0.0,240.0,92.08333333333333,100.0,100.0,8542.013888888889,西三河北部,831.0,1,0.2888086642599278
2023,27,大阪府,2701,豊能,51.0,5.0,1.0,227.0,40.08810572687225,70.04405286343612,100.0,2882.0664092064667,豊能,4202.0,0,0.05402189433603046
2023,06,山形県,0601,村山,44.0,2.0,0.0,226.0,95.57522123893806,100.0,100.0,9154.2015819563,村山,755.0,1,0.2993377483443709
2023,39,高知県,3902,中央,116.0,3.0,7.0,216.0,69.9074074074074,91.2037037037037,100.0,5417.952674897119,中央,960.0,0,0.225
2023,22,静岡県,2206,志太榛原,23.0,2.0,0.0,212.0,86.79245283018868,100.0,100.0,7707.36917052332,志太榛原,811.0,0,0.26140567200986436
2023,10,群馬県,1001,前橋,32.0,1.0,1.0,211.0,100.0,100.0,100.0,10000.0,前橋,1236.0,0,0.17071197411003236
2023,02,青森県,0205,上十三地域,21.0,1.0,0.0,207.0,100.0,100.0,100.0,10000.0,上十三地域,212.0,0,0.9764150943396226
2023,20,長野県,2001,佐久,17.0,2.0,0.0,196.0,53.06122448979592,100.0,100.0,5018.742190753853,佐久,706.0,0,0.2776203966005666
2023,07,福島県,0701,県北,37.0,1.0,1.0,194.0,100.0,100.0,100.0,10000.0,県北,1506.0,0,0.12881806108897742
2023,01,北海道,0110,東胆振,22.0,2.0,1.0,189.0,57.14285714285714,100.0,100.0,5102.040816326529,東胆振,192.0,1,0.984375
2023,31,鳥取県,3101,東部,20.0,2.0,1.0,184.0,88.58695652173914,100.0,100.0,7977.906427221173,東部,136.0,2,1.3529411764705883
2023,24,三重県,2401,北勢,60.0,4.0,1.0,183.0,39.89071038251366,62.295081967213115,100.0,2822.1206963480545,北勢,2567.0,0,0.07128944292948967
2023,40,福岡県,4012,北九州,159.0,1.0,4.0,182.0,100.0,100.0,100.0,10000.0,北九州,1789.0,1,0.10173281162660704
2023,42,長崎県,4206,五島,10.0,2.0,2.0,182.0,88.46153846153845,100.0,100.0,7958.579881656804,五島,231.0,1,0.7878787878787878
2023,41,佐賀県,4102,東部,20.0,1.0,1.0,178.0,100.0,100.0,100.0,10000.0,東部,307.0,2,0.5798045602605864
2023,23,愛知県,2312,東三河南部,53.0,1.0,1.0,170.0,100.0,100.0,100.0,10000.0,東三河南部,949.0,1,0.1791359325605901
2023,39,高知県,3904,幡多,21.0,1.0,0.0,170.0,100.0,100.0,100.0,10000.0,幡多,188.0,1,0.9042553191489362
2023,14,神奈川県,1411,県西,28.0,2.0,2.0,164.0,90.85365853658537,100.0,100.0,8338.04283164783,県西,756.0,0,0.21693121693121692
2023,11,埼玉県,1104,さいたま,50.0,3.0,3.0,158.0,62.0253164556962,83.54430379746836,100.0,4580.996635154622,さいたま,9861.0,0,0.016022715748909847
2023,34,広島県,3404,広島中央,24.0,3.0,1.0,158.0,50.0,75.31645569620254,100.0,3750.200288415318,広島中央,254.0,1,0.6220472440944882
2023,07,福島県,0707,いわき,31.0,1.0,2.0,157.0,100.0,100.0,100.0,10000.0,いわき,2472.0,0,0.06351132686084142
2023,33,岡山県,3302,県南西部,81.0,3.0,1.0,151.0,77.48344370860927,90.72847682119205,100.0,6265.076093153809,県南西部,436.0,0,0.3463302752293578
2023,09,栃木県,0902,県西,17.0,1.0,0.0,149.0,100.0,100.0,100.0,10000.0,県西,175.0,1,0.8514285714285714
2023,01,北海道,0120,釧路,28.0,2.0,1.0,145.0,73.79310344827587,100.0,100.0,6132.223543400714,釧路,415.0,0,0.3493975903614458
2023,36,徳島県,3603,南部,23.0,1.0,1.0,143.0,100.0,100.0,100.0,10000.0,南部,176.0,1,0.8125
2023,19,山梨県,1901,中北,43.0,1.0,0.0,142.0,100.0,100.0,100.0,10000.0,中北,240.0,1,0.5916666666666667
2023,43,熊本県,4308,八代,26.0,1.0,0.0,136.0,100.0,100.0,100.0,10000.0,八代,155.0,1,0.8774193548387097
2023,17,石川県,1701,南加賀,27.0,2.0,2.0,131.0,81.67938931297711,100.0,100.0,7007.167414486335,南加賀,369.0,0,0.35501355013550134
2023,05,秋田県,0502,県央,47.0,3.0,2.0,127.0,84.25196850393701,92.12598425196849,99.99999999999999,7222.394444788888,北秋田,71.0,1,1.7887323943661972
2023,35,山口県,3503,周南,30.0,2.0,3.0,125.0,64.0,100.0,100.0,5392.0,周南,280.0,0,0.44642857142857145
2023,06,山形県,0603,置賜,19.0,2.0,0.0,118.0,82.20338983050848,100.0,100.0,7074.116633151392,置賜,590.0,0,0.2
2023,43,熊本県,4311,天草,33.0,2.0,0.0,117.0,89.74358974358975,100.0,100.0,8159.105851413544,天草,121.0,0,0.9669421487603306
2023,02,青森県,0203,青森地域,40.0,2.0,5.0,116.0,89.65517241379311,100.0,100.0,8145.065398335316,青森地域,815.0,0,0.1423312883435583
2023,14,神奈川県,1408,湘南西部,26.0,2.0,2.0,114.0,65.78947368421053,100.0,100.0,5498.614958448754,湘南西部,1080.0,0,0.10555555555555556
2023,11,埼玉県,1105,県央,27.0,3.0,3.0,112.0,66.96428571428571,87.5,100.0,5062.181122448978,県央,511.0,1,0.2191780821917808
2023,18,福井県,1804,嶺南,12.0,2.0,0.0,104.0,86.53846153846155,100.0,100.0,7670.118343195267,嶺南,141.0,1,0.7375886524822695
2023,27,大阪府,2702,三島,40.0,3.0,1.0,101.0,55.44554455445545,90.0990099009901,100.0,4373.100676404275,三島,3531.0,0,0.028603794958935145
2023,30,和歌山県,3001,和歌山,64.0,2.0,2.0,100.0,81.0,100.0,100.0,6922.000000000002,和歌山,749.0,0,0.13351134846461948
2023,02,青森県,0201,津軽地域,49.0,3.0,1.0,99.0,50.505050505050505,80.80808080808082,100.0,3837.3635343332317,津軽地域,385.0,0,0.2571428571428571
2023,35,山口県,3501,岩国,20.0,1.0,0.0,98.0,100.0,100.0,100.0,10000.0,岩国,139.0,0,0.7050359712230215
2023,20,長野県,2005,飯伊,11.0,1.0,0.0,96.0,100.0,100.0,100.0,10000.0,飯伊,255.0,0,0.3764705882352941
2023,38,愛媛県,3801,宇摩,10.0,2.0,0.0,96.0,86.45833333333334,100.0,100.0,7658.42013888889,宇摩,355.0,1,0.2704225352112676
2023,42,長崎県,4202,佐世保県北,73.0,3.0,1.0,95.0,66.3157894736842,88.42105263157895,100.0,5020.498614958447,佐世保県北,178.0,1,0.5337078651685393
2023,26,京都府,2605,山城北,26.0,1.0,0.0,91.0,100.0,100.0,100.0,10000.0,山城北,799.0,0,0.11389236545682102
2023,22,静岡県,2204,富士,30.0,1.0,1.0,90.0,100.0,100.0,100.0,10000.0,富士,314.0,0,0.28662420382165604
2023,28,兵庫県,2804,東播磨,46.0,3.0,2.0,85.0,72.94117647058823,88.23529411764706,100.0,5692.73356401384,東播磨,4238.0,0,0.02005663048607834
2023,27,大阪府,2704,中河内,42.0,2.0,1.0,84.0,77.38095238095238,100.0,100.0,6499.433106575964,中河内,848.0,0,0.09905660377358491
2023,46,鹿児島県,4601,鹿児島,189.0,4.0,6.0,84.0,44.047619047619044,63.095238095238095,100.0,2984.6938775510207,鹿児島,1500.0,0,0.056
2023,34,広島県,3405,尾三,30.0,1.0,0.0,80.0,100.0,100.0,100.0,10000.0,尾三,99.0,1,0.8080808080808081
2023,42,長崎県,4209,対馬,3.0,1.0,0.0,80.0,100.0,100.0,100.0,10000.0,対馬,0.0,1,inf
2023,21,岐阜県,2103,中濃,31.0,2.0,2.0,78.0,73.07692307692307,100.0,100.0,6065.088757396448,中濃,595.0,0,0.13109243697478992
2023,32,島根県,3203,出雲,18.0,1.0,1.0,76.0,100.0,100.0,100.0,10000.0,出雲,9002.0,0,0.008442568318151522
2023,34,広島県,3407,備北,16.0,1.0,0.0,75.0,100.0,100.0,100.0,10000.0,備北,11.0,1,6.818181818181818
2023,28,兵庫県,2810,淡路,14.0,1.0,1.0,73.0,100.0,100.0,100.0,10000.0,淡路,114.0,1,0.6403508771929824
2023,23,愛知県,2302,海部,23.0,1.0,1.0,66.0,100.0,100.0,100.0,10000.0,海部,548.0,0,0.12043795620437957
2023,45,宮崎県,4505,西諸,20.0,3.0,1.0,64.0,35.9375,71.875,100.0,3374.0234375,西諸,233.0,1,0.27467811158798283
2023,01,北海道,0105,後志,34.0,2.0,1.0,62.0,64.51612903225806,100.0,100.0,5421.436004162331,後志,343.0,1,0.18075801749271136
2023,38,愛媛県,3806,宇和島,20.0,1.0,0.0,62.0,100.0,100.0,100.0,10000.0,宇和島,69.0,0,0.8985507246376812
2023,35,山口県,3504,山口・防府,34.0,3.0,3.0,61.0,42.62295081967213,72.13114754098359,99.99999999999999,3464.1225477022303,山口・防府,257.0,0,0.23735408560311283
2023,18,福井県,1803,丹南,24.0,3.0,2.0,59.0,50.847457627118644,79.66101694915254,100.0,3829.359379488653,丹南,153.0,0,0.38562091503267976
2023,34,広島県,3403,呉,34.0,2.0,3.0,59.0,64.40677966101694,100.0,100.0,5415.110600402182,呉,117.0,1,0.5042735042735043
2023,40,福岡県,4009,飯塚,31.0,2.0,2.0,59.0,79.66101694915254,100.0,100.0,6759.551852915828,飯塚,61.0,2,0.9672131147540983
2023,15,新潟県,1505,魚沼,12.0,2.0,1.0,54.0,77.77777777777779,100.0,100.0,6543.20987654321,魚沼,536.0,0,0.10074626865671642
2023,41,佐賀県,4104,西部,18.0,1.0,1.0,54.0,100.0,100.0,100.0,10000.0,西部,81.0,1,0.6666666666666666
2023,14,神奈川県,1404,川崎北部,26.0,1.0,1.0,53.0,100.0,100.0,100.0,10000.0,川崎北部,4293.0,0,0.012345679012345678
2023,36,徳島県,3605,西部,19.0,1.0,0.0,52.0,100.0,100.0,100.0,10000.0,西部,52.0,0,1.0
2023,11,埼玉県,1107,西部,58.0,2.0,0.0,50.0,52.0,100.0,100.0,5008.0,西部,3564.0,0,0.014029180695847363
2023,04,宮城県,0401,仙南,16.0,1.0,1.0,49.0,100.0,100.0,100.0,10000.0,仙南,393.0,0,0.12468193384223919
2023,22,静岡県,2208,西部,59.0,2.0,2.0,47.0,51.06382978723404,100.0,100.0,5002.263467632413,西部,1851.0,0,0.025391680172879523
2023,12,千葉県,1207,安房,23.0,1.0,1.0,45.0,100.0,100.0,100.0,10000.0,安房,70.0,1,0.6428571428571429
2023,21,岐阜県,2104,東濃,21.0,2.0,1.0,42.0,71.42857142857143,100.0,100.0,5918.367346938775,東濃,32.0,2,1.3125
2023,03,岩手県,0305,気仙,6.0,1.0,1.0,41.0,100.0,100.0,100.0,10000.0,気仙,202.0,0,0.20297029702970298
2023,09,栃木県,0903,宇都宮,52.0,2.0,1.0,40.0,70.0,100.0,100.0,5800.0,宇都宮,4412.0,0,0.009066183136899365
2023,08,茨城県,0806,つくば,22.0,2.0,2.0,38.0,71.05263157894737,100.0,100.0,5886.426592797784,つくば,1685.0,0,0.022551928783382788
2023,40,福岡県,4006,久留米,90.0,1.0,2.0,35.0,100.0,100.0,100.0,10000.0,久留米,746.0,0,0.04691689008042895
2023,19,山梨県,1904,富士・東部,12.0,1.0,0.0,33.0,100.0,100.0,100.0,10000.0,富士・東部,1421.0,0,0.02322308233638283
2023,42,長崎県,4203,県央,65.0,1.0,0.0,32.0,100.0,100.0,100.0,10000.0,県央,263.0,1,0.12167300380228137
2023,08,茨城県,0803,常陸太田・ひたちなか,38.0,1.0,2.0,31.0,100.0,100.0,100.0,10000.0,常陸太田・ひたちなか,186.0,1,0.16666666666666666
2023,09,栃木県,0905,県南,39.0,1.0,2.0,31.0,100.0,100.0,100.0,10000.0,県南,1696.0,0,0.018278301886792452
2023,13,東京都,1302,区南部,58.0,2.0,3.0,31.0,64.51612903225806,100.0,100.0,5421.436004162331,区南部,11532.0,0,0.002688172043010753
2023,43,熊本県,4302,宇城,20.0,1.0,1.0,31.0,100.0,100.0,100.0,10000.0,宇城,81.0,1,0.38271604938271603
2023,10,群馬県,1004,高崎・安中,42.0,1.0,2.0,30.0,100.0,100.0,100.0,10000.0,高崎・安中,1285.0,0,0.023346303501945526
2023,14,神奈川県,1407,湘南東部,33.0,1.0,2.0,28.0,100.0,100.0,100.0,10000.0,湘南東部,6420.0,1,0.004361370716510903
2023,29,奈良県,2905,南和,7.0,1.0,0.0,28.0,100.0,100.0,100.0,10000.0,南和,0.0,1,inf
2023,33,岡山県,3305,津山・英田,28.0,1.0,0.0,28.0,100.0,100.0,100.0,10000.0,津山・英田,28.0,0,1.0
2023,06,山形県,0602,最上,5.0,1.0,0.0,27.0,100.0,100.0,100.0,10000.0,最上,32.0,0,0.84375
2023,03,岩手県,0307,宮古,6.0,1.0,0.0,26.0,100.0,100.0,100.0,10000.0,宮古,1094.0,1,0.02376599634369287
2023,35,山口県,3506,下関,43.0,1.0,1.0,25.0,100.0,100.0,100.0,10000.0,下関,103.0,1,0.24271844660194175
2023,43,熊本県,4305,菊池,28.0,2.0,1.0,23.0,56.52173913043478,100.0,100.0,5085.066162570888,菊池,41.0,1,0.5609756097560976
2023,23,愛知県,2310,西三河南部東,24.0,1.0,0.0,21.0,100.0,100.0,100.0,10000.0,西三河南部東,1430.0,1,0.014685314685314685
2023,35,山口県,3505,宇部・小野田,29.0,1.0,0.0,20.0,100.0,100.0,100.0,10000.0,宇部・小野田,313.0,0,0.06389776357827476
2023,01,北海道,0121,根室,6.0,1.0,1.0,19.0,100.0,100.0,100.0,10000.0,根室,21.0,0,0.9047619047619048
2023,01,北海道,0106,南空知,22.0,1.0,0.0,18.0,100.0,100.0,100.0,10000.0,南空知,23.0,1,0.782608695652174
2023,38,愛媛県,3805,八幡浜・大洲,20.0,1.0,0.0,17.0,100.0,100.0,100.0,10000.0,八幡浜・大洲,21.0,1,0.8095238095238095
2023,15,新潟県,1504,中越,17.0,1.0,0.0,16.0,100.0,100.0,100.0,10000.0,中越,993.0,0,0.016112789526686808
2023,42,長崎県,4208,壱岐,4.0,1.0,0.0,15.0,100.0,100.0,100.0,10000.0,壱岐,0.0,1,inf
2023,44,大分県,4409,北部,44.0,1.0,0.0,15.0,100.0,100.0,100.0,10000.0,北部,0.0,1,inf
2023,41,佐賀県,4103,北部,31.0,1.0,0.0,14.0,100.0,100.0,100.0,10000.0,北部,125.0,1,0.112
2023,01,北海道,0116,宗谷,12.0,1.0,2.0,13.0,100.0,100.0,100.0,10000.0,宗谷,0.0,1,inf
2023,08,茨城県,0805,土浦,21.0,1.0,1.0,13.0,100.0,100.0,100.0,10000.0,土浦,1346.0,0,0.009658246656760773
2023,08,茨城県,0808,筑西・下妻,19.0,1.0,1.0,13.0,100.0,100.0,100.0,10000.0,筑西・下妻,1202.0,0,0.010815307820299502
2023,26,京都府,2603,南丹,13.0,1.0,1.0,12.0,100.0,100.0,100.0,10000.0,南丹,94.0,1,0.1276595744680851
2023,01,北海道,0102,南檜山,6.0,0.0,0.0,0.0,,,,,南檜山,0.0,0,
2023,01,北海道,0103,北渡島檜山,6.0,0.0,0.0,0.0,,,,,北渡島檜山,0.0,0,
2023,01,北海道,0108,北空知,3.0,0.0,0.0,0.0,,,,,北空知,60.0,0,0.0
2023,01,北海道,0109,西胆振,21.0,0.0,0.0,0.0,,,,,西胆振,795.0,0,0.0
2023,01,北海道,0111,日高,8.0,0.0,1.0,0.0,,,,,日高,473.0,1,0.0
2023,01,北海道,0113,上川北部,8.0,0.0,0.0,0.0,,,,,上川北部,0.0,0,
2023,01,北海道,0114,富良野,2.0,0.0,0.0,0.0,,,,,富良野,0.0,0,
2023,01,北海道,0115,留萌,6.0,0.0,0.0,0.0,,,,,留萌,93.0,0,0.0
2023,01,北海道,0117,北網,30.0,0.0,1.0,0.0,,,,,北網,478.0,0,0.0
2023,02,青森県,0204,西北五地域,9.0,0.0,0.0,0.0,,,,,西北五地域,121.0,0,0.0
2023,02,青森県,0206,下北地域,5.0,0.0,0.0,0.0,,,,,下北地域,0.0,0,
2023,03,岩手県,0302,岩手中部,18.0,0.0,1.0,0.0,,,,,岩手中部,341.0,2,0.0
2023,03,岩手県,0303,胆江,13.0,0.0,1.0,0.0,,,,,胆江,0.0,1,
2023,03,岩手県,0306,釜石,7.0,0.0,0.0,0.0,,,,,釜石,0.0,0,
2023,03,岩手県,0308,久慈,7.0,0.0,0.0,0.0,,,,,久慈,0.0,0,
2023,03,岩手県,0309,二戸,8.0,0.0,1.0,0.0,,,,,二戸,0.0,1,
2023,04,宮城県,0409,石巻・登米・気仙沼,22.0,0.0,1.0,0.0,,,,,石巻・登米・気仙沼,143.0,0,0.0
2023,05,秋田県,0501,県北,22.0,0.0,0.0,0.0,,,,,大館・鹿角,33.0,2,0.0
2023,05,秋田県,0503,県南,22.0,0.0,2.0,0.0,,,,,能代・山本,1032.0,1,0.0
2023,07,福島県,0703,県南,11.0,0.0,0.0,0.0,,,,,県南,0.0,0,
2023,07,福島県,0706,相双,15.0,0.0,0.0,0.0,,,,,相双,28.0,0,0.0
2023,08,茨城県,0802,日立,21.0,0.0,1.0,0.0,,,,,日立,0.0,2,
2023,08,茨城県,0804,鹿行,18.0,0.0,0.0,0.0,,,,,鹿行,247.0,0,0.0
2023,08,茨城県,0809,古河・坂東,14.0,0.0,0.0,0.0,,,,,古河・坂東,0.0,1,
2023,09,栃木県,0904,県東,9.0,0.0,0.0,0.0,,,,,県東,32.0,1,0.0
2023,10,群馬県,1002,渋川,10.0,0.0,0.0,0.0,,,,,渋川,203.0,1,0.0
2023,10,群馬県,1003,伊勢崎,19.0,0.0,1.0,0.0,,,,,伊勢崎,285.0,0,0.0
2023,10,群馬県,1005,藤岡,5.0,0.0,0.0,0.0,,,,,藤岡,0.0,2,
2023,10,群馬県,1006,富岡,5.0,0.0,1.0,0.0,,,,,富岡,325.0,1,0.0
2023,10,群馬県,1007,吾妻,10.0,0.0,1.0,0.0,,,,,吾妻,0.0,1,
2023,10,群馬県,1008,沼田,10.0,0.0,0.0,0.0,,,,,沼田,0.0,0,
2023,10,群馬県,1009,桐生,15.0,0.0,0.0,0.0,,,,,桐生,89.0,0,0.0
2023,10,群馬県,1010,太田・館林,22.0,0.0,0.0,0.0,,,,,太田・館林,1684.0,0,0.0
2023,11,埼玉県,1110,秩父,9.0,0.0,0.0,0.0,,,,,秩父,0.0,2,
2023,12,千葉県,1205,香取海匝,22.0,0.0,1.0,0.0,,,,,香取海匝,98.0,1,0.0
2023,12,千葉県,1206,山武長生夷隅,29.0,0.0,1.0,0.0,,,,,山武長生夷隅,117.0,1,0.0
2023,12,千葉県,1208,君津,30.0,0.0,0.0,0.0,,,,,君津,530.0,0,0.0
2023,13,東京都,1311,北多摩南部,44.0,0.0,2.0,0.0,,,,,北多摩南部,7108.0,1,0.0
2023,13,東京都,1313,島しょ,10.0,0.0,1.0,0.0,,,,,島しょ,0.0,1,
2023,15,新潟県,1501,下越,14.0,0.0,0.0,0.0,,,,,下越,0.0,2,
2023,15,新潟県,1502,新潟,55.0,0.0,1.0,0.0,,,,,新潟,1257.0,0,0.0
2023,15,新潟県,1503,県央,11.0,0.0,1.0,0.0,,,,,県央,401.0,0,0.0
2023,15,新潟県,1506,上越,15.0,0.0,0.0,0.0,,,,,上越,923.0,0,0.0
2023,15,新潟県,1507,佐渡,4.0,0.0,0.0,0.0,,,,,佐渡,0.0,2,
2023,16,富山県,1604,砺波,15.0,0.0,0.0,0.0,,,,,砺波,0.0,2,
2023,17,石川県,1704,能登北部,5.0,0.0,1.0,0.0,,,,,能登北部,114.0,1,0.0
2023,18,福井県,1802,奥越,7.0,0.0,0.0,0.0,,,,,奥越,28.0,1,0.0
2023,19,山梨県,1902,峡東,16.0,0.0,2.0,0.0,,,,,峡東,101.0,1,0.0
2023,19,山梨県,1903,峡南,6.0,0.0,0.0,0.0,,,,,峡南,0.0,0,
2023,20,長野県,2002,上小,19.0,0.0,0.0,0.0,,,,,上小,183.0,0,0.0
2023,20,長野県,2003,諏訪,13.0,0.0,1.0,0.0,,,,,諏訪,296.0,1,0.0
2023,20,長野県,2004,上伊那,8.0,0.0,0.0,0.0,,,,,上伊那,161.0,1,0.0
2023,20,長野県,2006,木曽,1.0,0.0,1.0,0.0,,,,,木曽,0.0,1,
2023,20,長野県,2008,大北,3.0,0.0,1.0,0.0,,,,,大北,20.0,1,0.0
2023,20,長野県,2009,長野,47.0,0.0,3.0,0.0,,,,,長野,1580.0,1,0.0
2023,20,長野県,2010,北信,4.0,0.0,0.0,0.0,,,,,北信,0.0,1,
2023,21,岐阜県,2105,飛騨,12.0,0.0,1.0,0.0,,,,,飛騨,0.0,1,
2023,22,静岡県,2201,賀茂,10.0,0.0,1.0,0.0,,,,,賀茂,547.0,0,0.0
2023,22,静岡県,2202,熱海伊東,12.0,0.0,0.0,0.0,,,,,熱海伊東,79.0,1,0.0
2023,23,愛知県,2311,東三河北部,5.0,0.0,1.0,0.0,,,,,東三河北部,226.0,1,0.0
2023,24,三重県,2404,東紀州,5.0,0.0,0.0,0.0,,,,,東紀州,0.0,0,
2023,25,滋賀県,2501,大津,21.0,0.0,1.0,0.0,,,,,大津,451.0,0,0.0
2023,25,滋賀県,2502,湖南,21.0,0.0,0.0,0.0,,,,,湖南,910.0,0,0.0
2023,25,滋賀県,2503,甲賀,9.0,0.0,0.0,0.0,,,,,甲賀,74.0,1,0.0
2023,25,滋賀県,2504,東近江,14.0,0.0,0.0,0.0,,,,,東近江,119.0,0,0.0
2023,25,滋賀県,2505,湖東,6.0,0.0,0.0,0.0,,,,,湖東,0.0,2,
2023,25,滋賀県,2506,湖北,4.0,0.0,0.0,0.0,,,,,湖北,871.0,0,0.0
2023,25,滋賀県,2507,湖西,3.0,0.0,0.0,0.0,,,,,湖西,0.0,1,
2023,26,京都府,2601,丹後,8.0,0.0,1.0,0.0,,,,,丹後,470.0,1,0.0
2023,26,京都府,2602,中丹,20.0,0.0,0.0,0.0,,,,,中丹,106.0,1,0.0
2023,26,京都府,2606,山城南,4.0,0.0,0.0,0.0,,,,,山城南,71.0,0,0.0
2023,28,兵庫県,2808,但馬,11.0,0.0,0.0,0.0,,,,,但馬,158.0,1,0.0
2023,28,兵庫県,2809,丹波,8.0,0.0,0.0,0.0,,,,,丹波,0.0,0,
2023,29,奈良県,2901,奈良,27.0,0.0,1.0,0.0,,,,,奈良,821.0,1,0.0
2023,29,奈良県,2902,東和,17.0,0.0,0.0,0.0,,,,,東和,482.0,1,0.0
2023,29,奈良県,2903,西和,24.0,0.0,0.0,0.0,,,,,西和,708.0,1,0.0
2023,29,奈良県,2904,中和,21.0,0.0,0.0,0.0,,,,,中和,1106.0,1,0.0
2023,30,和歌山県,3002,那賀,10.0,0.0,0.0,0.0,,,,,那賀,345.0,0,0.0
2023,30,和歌山県,3003,橋本,8.0,0.0,0.0,0.0,,,,,橋本,0.0,0,
2023,30,和歌山県,3004,有田,7.0,0.0,1.0,0.0,,,,,有田,0.0,1,
2023,30,和歌山県,3005,御坊,5.0,0.0,0.0,0.0,,,,,御坊,0.0,0,
2023,30,和歌山県,3006,田辺,13.0,0.0,0.0,0.0,,,,,田辺,79.0,1,0.0
2023,30,和歌山県,3007,新宮,10.0,0.0,1.0,0.0,,,,,新宮,0.0,2,
2023,31,鳥取県,3103,西部,33.0,0.0,2.0,0.0,,,,,西部,53.0,2,0.0
2023,32,島根県,3201,松江,23.0,0.0,1.0,0.0,,,,,松江,214.0,1,0.0
2023,32,島根県,3202,雲南,4.0,0.0,0.0,0.0,,,,,雲南,0.0,0,
2023,32,島根県,3205,浜田,8.0,0.0,0.0,0.0,,,,,浜田,0.0,1,
2023,32,島根県,3206,益田,4.0,0.0,0.0,0.0,,,,,益田,0.0,2,
2023,32,島根県,3207,隠岐,2.0,0.0,0.0,0.0,,,,,隠岐,0.0,0,
2023,33,岡山県,3303,高梁・新見,10.0,0.0,0.0,0.0,,,,,高梁・新見,0.0,1,
2023,33,岡山県,3304,真庭,7.0,0.0,0.0,0.0,,,,,真庭,0.0,1,
2023,34,広島県,3402,広島西,16.0,0.0,1.0,0.0,,,,,広島西,1104.0,1,0.0
2023,35,山口県,3502,柳井,11.0,0.0,0.0,0.0,,,,,柳井,89.0,1,0.0
2023,35,山口県,3507,長門,7.0,0.0,1.0,0.0,,,,,長門,0.0,1,
2023,35,山口県,3508,萩,9.0,0.0,0.0,0.0,,,,,萩,0.0,1,
2023,37,香川県,3702,小豆,2.0,0.0,0.0,0.0,,,,,小豆,0.0,0,
2023,38,愛媛県,3802,新居浜・西条,28.0,0.0,1.0,0.0,,,,,新居浜・西条,0.0,1,
2023,39,高知県,3901,安芸,10.0,0.0,0.0,0.0,,,,,安芸,0.0,0,
2023,39,高知県,3903,高幡,9.0,0.0,0.0,0.0,,,,,高幡,28.0,1,0.0
2023,40,福岡県,4002,粕屋,39.0,0.0,2.0,0.0,,,,,粕屋,501.0,0,0.0
2023,40,福岡県,4003,宗像,20.0,0.0,0.0,0.0,,,,,宗像,270.0,1,0.0
2023,40,福岡県,4005,朝倉,11.0,0.0,0.0,0.0,,,,,朝倉,272.0,1,0.0
2023,40,福岡県,4007,八女・筑後,22.0,0.0,1.0,0.0,,,,,八女・筑後,0.0,2,
2023,40,福岡県,4010,直方・鞍手,15.0,0.0,0.0,0.0,,,,,直方・鞍手,0.0,0,
2023,40,福岡県,4011,田川,26.0,0.0,0.0,0.0,,,,,田川,168.0,0,0.0
2023,40,福岡県,4013,京築,23.0,0.0,1.0,0.0,,,,,京築,0.0,1,
2023,41,佐賀県,4101,中部,81.0,0.0,1.0,0.0,,,,,中部,243.0,2,0.0
2023,42,長崎県,4207,上五島,2.0,0.0,0.0,0.0,,,,,上五島,0.0,0,
2023,43,熊本県,4303,有明,32.0,0.0,1.0,0.0,,,,,有明,21.0,2,0.0
2023,43,熊本県,4304,鹿本,11.0,0.0,1.0,0.0,,,,,鹿本,0.0,1,
2023,43,熊本県,4306,阿蘇,9.0,0.0,0.0,0.0,,,,,阿蘇,0.0,1,
2023,43,熊本県,4310,球磨,19.0,0.0,0.0,0.0,,,,,球磨,73.0,1,0.0
2023,44,大分県,4406,豊肥,16.0,0.0,0.0,0.0,,,,,豊肥,143.0,1,0.0
2023,44,大分県,4408,西部,30.0,0.0,1.0,0.0,,,,,西部,0.0,1,
2023,45,宮崎県,4502,都城北諸県,49.0,0.0,0.0,0.0,,,,,都城北諸県,1088.0,0,0.0
2023,45,宮崎県,4503,延岡西臼杵,29.0,0.0,1.0,0.0,,,,,延岡西臼杵,0.0,2,
2023,45,宮崎県,4504,日南串間,12.0,0.0,0.0,0.0,,,,,日南串間,0.0,1,
2023,45,宮崎県,4506,西都児湯,15.0,0.0,0.0,0.0,,,,,西都児湯,0.0,1,
2023,45,宮崎県,4507,日向入郷,16.0,0.0,0.0,0.0,,,,,日向入郷,0.0,0,
2023,46,鹿児島県,4605,川薩,32.0,0.0,0.0,0.0,,,,,川薩,24.0,0,0.0
2023,46,鹿児島県,4606,出水,18.0,0.0,0.0,0.0,,,,,出水,11.0,1,0.0
2023,46,鹿児島県,4610,肝属,39.0,0.0,1.0,0.0,,,,,肝属,35.0,0,0.0
2023,46,鹿児島県,4611,熊毛,5.0,0.0,0.0,0.0,,,,,熊毛,172.0,0,0.0
2023,46,鹿児島県,4612,奄美,25.0,0.0,2.0,0.0,,,,,奄美,447.0,0,0.0
2023,47,沖縄県,4701,北部,10.0,0.0,1.0,0.0,,,,,北部,0.0,2,
2023,47,沖縄県,4704,宮古,9.0,0.0,0.0,0.0,,,,,宮古,0.0,3,
2023,47,沖縄県,4705,八重山,6.0,0.0,0.0,0.0,,,,,八重山,323.0,2,0.0
2024,16,富山県,1601,新川,14.0,1.0,0.0,25080.0,100.0,100.0,100.0,10000.0,新川,15.0,0,1672.0
2024,38,愛媛県,3805,八幡浜・大洲,19.0,3.0,0.0,20767.0,99.94221601579429,99.98555400394858,100.0,9988.44862901571,八幡浜・大洲,41.0,0,506.5121951219512
2024,27,大阪府,2701,豊能,51.0,7.0,0.0,17477.0,97.91726268810437,98.6038793843337,99.84551124334841,9588.868691543363,豊能,5167.0,0,3.3824269401974068
2024,46,鹿児島県,4601,鹿児島,182.0,15.0,0.0,15760.0,76.04060913705584,93.38832487309645,99.36548223350255,6107.200649333919,鹿児島,2242.0,0,7.029438001784121
2024,13,東京都,1309,南多摩,90.0,7.0,0.0,14157.0,97.42883379247016,99.21593557957195,99.93642720915449,9495.768522334243,南多摩,19414.0,0,0.7292160296693108
2024,24,三重県,2401,北勢,56.0,7.0,0.0,13431.0,97.38664284118829,98.53324398778945,99.98510907601818,9486.386298984022,北勢,2377.0,0,5.650399663441313
2024,46,鹿児島県,4607,姶良・伊佐,72.0,3.0,0.0,8808.0,97.45685740236148,99.1825613079019,100.0,9501.485314729158,姶良・伊佐,413.0,0,21.326876513317192
2024,40,福岡県,4001,福岡・糸島,214.0,18.0,0.0,7747.0,76.01652252484833,86.00748676907189,95.89518523299341,5921.139308013633,福岡・糸島,17534.0,0,0.44182730694650396
2024,13,東京都,1305,区西北部,123.0,16.0,0.0,7618.0,58.34864793909163,90.11551588343397,96.9283276450512,4437.428011933158,区西北部,33297.0,0,0.22878938042466287
2024,35,山口県,3506,下関,41.0,2.0,0.0,5315.0,99.32267168391346,100.0,100.0,9865.451884078235,下関,194.0,1,27.396907216494846
2024,23,愛知県,2306,尾張北部,54.0,4.0,0.0,3735.0,99.8661311914324,99.91967871485944,100.0,9973.250610653233,尾張北部,1308.0,0,2.8555045871559632
2024,28,兵庫県,2812,播磨姫路,68.0,6.0,0.0,3629.0,89.03279140259025,94.2959492973271,99.917332598512,7970.564269747368,播磨姫路,4600.0,1,0.7889130434782609
2024,34,広島県,3406,福山・府中,63.0,5.0,0.0,3201.0,92.50234301780694,97.03217744454858,100.0,8583.617799069156,福山・府中,1397.0,0,2.2913385826771653
2024,14,神奈川県,1408,湘南西部,25.0,4.0,0.0,3053.0,95.21781853914183,98.10022928267279,99.99999999999999,9076.547969173062,湘南西部,4297.0,0,0.7104956946707005
2024,01,北海道,0104,札幌,316.0,31.0,0.0,2692.0,24.479940564635957,33.91530460624072,55.31203566121843,980.6890263153828,札幌,13283.0,0,0.20266506060377926
2024,28,兵庫県,2801,神戸,122.0,13.0,0.0,2412.0,57.87728026533997,69.11276948590381,93.44941956882255,3694.1845498873786,神戸,14440.0,0,0.16703601108033242
2024,13,東京都,1301,区中央部,67.0,9.0,0.0,2401.0,55.68513119533528,92.25322782174095,98.00083298625573,4455.246590472075,区中央部,628764.0,0,0.0038186028462189312
2024,13,東京都,1303,区西南部,77.0,5.0,0.0,2333.0,78.18259751393056,91.04157736819546,100.0,6355.101123686338,区西南部,72865.0,0,0.03201811569340561
2024,27,大阪府,2703,北河内,71.0,11.0,0.0,2128.0,44.68984962406015,68.93796992481202,97.22744360902256,2996.0577548193783,北河内,7122.0,0,0.29879247402415055
2024,12,千葉県,1209,市原,18.0,3.0,0.0,1907.0,84.53067645516518,99.4231777661248,99.99999999999999,7367.554581154243,市原,2091.0,1,0.9120038259206121
2024,12,千葉県,1201,千葉,63.0,7.0,0.0,1833.0,59.51991271140207,94.9809056192035,99.4544462629569,4808.959462648914,千葉,17982.0,0,0.10193526860193527
2024,22,静岡県,2203,駿東田方,74.0,7.0,0.0,1791.0,77.77777777777779,89.3355667225014,99.7208263539922,6232.692714768084,駿東田方,1635.0,0,1.0954128440366973
2024,13,東京都,1304,区西部,70.0,11.0,0.0,1675.0,45.07462686567164,68.53731343283582,94.08955223880598,2816.2815771886835,区西部,353015.0,0,0.004744840870784528
2024,25,滋賀県,2501,大津,22.0,2.0,0.0,1611.0,98.69646182495345,100.0,100.0,9742.690788538295,大津,801.0,0,2.0112359550561796
2024,02,青森県,0202,八戸地域,40.0,2.0,0.0,1570.0,97.07006369426752,100.0,100.0,9431.181792364801,八戸地域,2995.0,1,0.5242070116861436
2024,23,愛知県,2313,名古屋・尾張中部,180.0,14.0,0.0,1479.0,37.05206220419202,49.01960784313725,77.95807978363759,1887.1046121929687,名古屋・尾張中部,99126.0,0,0.014920404333878095
2024,22,静岡県,2207,中東遠,27.0,4.0,0.0,1446.0,54.9792531120332,79.25311203319502,100.0,3958.093008040496,中東遠,1505.0,0,0.9607973421926911
2024,40,福岡県,4008,有明,45.0,4.0,0.0,1430.0,83.006993006993,99.44055944055943,99.99999999999999,7160.418602376643,有明,405.0,1,3.5308641975308643
2024,34,広島県,3401,広島,142.0,15.0,0.0,1347.0,36.97104677060133,47.14179658500371,76.02078693392724,1863.2127596368848,広島,5710.0,0,0.23590192644483363
2024,22,静岡県,2205,静岡,40.0,3.0,0.0,1325.0,75.24528301886792,99.32075471698113,100.0,6241.942328230686,静岡,3320.0,0,0.3990963855421687
2024,18,福井県,1801,福井・坂井,55.0,7.0,0.0,1310.0,84.19847328244275,89.61832061068702,97.78625954198473,7145.201328593904,福井・坂井,4380.0,0,0.2990867579908676
2024,12,千葉県,1204,印旛,40.0,5.0,0.0,1309.0,67.45607333842628,95.41634835752483,100.0,5346.1520728855485,印旛,3717.0,1,0.352165725047081
2024,03,岩手県,0301,盛岡,56.0,7.0,0.0,1304.0,62.5,79.37116564417178,99.5398773006135,4391.325416839173,盛岡,2657.0,0,0.49077907414377114
2024,26,京都府,2604,京都・乙訓,118.0,11.0,0.0,1292.0,48.37461300309597,72.8328173374613,97.83281733746131,3209.3545418819313,京都・乙訓,10840.0,0,0.11918819188191881
2024,04,宮城県,0406,大崎・栗原,33.0,2.0,0.0,1240.0,99.35483870967742,100.0,100.0,9871.800208116545,大崎・栗原,2116.0,0,0.5860113421550095
2024,27,大阪府,2705,南河内,42.0,5.0,0.0,1152.0,85.76388888888889,91.31944444444444,100.0,7420.473451967593,南河内,1000.0,0,1.152
2024,45,宮崎県,4502,都城北諸県,51.0,1.0,0.0,1152.0,100.0,100.0,100.0,10000.0,都城北諸県,924.0,0,1.2467532467532467
2024,28,兵庫県,2811,阪神,105.0,9.0,0.0,1132.0,36.130742049469966,69.25795053003534,93.63957597173145,2698.6383897913574,阪神,15608.0,1,0.0725269092772937
2024,01,北海道,0119,十勝,44.0,7.0,0.0,1120.0,70.53571428571429,87.58928571428572,99.2857142857143,5324.792729591837,十勝,1260.0,0,0.8888888888888888
2024,14,神奈川県,1410,相模原,39.0,4.0,0.0,1079.0,91.47358665430954,96.84893419833179,100.0,8405.14120358242,相模原,18321.0,0,0.058894165165656896
2024,16,富山県,1602,富山,56.0,5.0,0.0,1009.0,78.49355797819624,93.65708622398414,100.0,6422.367179035854,富山,1892.0,0,0.5332980972515856
2024,27,大阪府,2706,堺市,49.0,2.0,0.0,996.0,98.59437751004016,100.0,100.0,9722.827051176595,堺市,7783.0,0,0.12797121932416805
2024,13,東京都,1312,北多摩北部,41.0,4.0,0.0,954.0,67.50524109014675,97.27463312368974,100.0,5447.437469509381,北多摩北部,4370.0,0,0.21830663615560641
2024,05,秋田県,0502,県央,45.0,8.0,0.0,947.0,64.73072861668426,77.5079197465681,97.9936642027455,4516.335139366353,北秋田,55.0,0,17.21818181818182
2024,40,福岡県,4004,筑紫,44.0,2.0,0.0,920.0,58.369565217391305,100.0,100.0,5140.0992438563335,筑紫,2738.0,0,0.3360116873630387
2024,27,大阪府,2708,大阪市,213.0,18.0,0.0,908.0,24.11894273127753,43.72246696035242,72.90748898678414,1381.9887830153893,大阪市,43187.0,0,0.02102484543959988
2024,08,茨城県,0801,水戸,50.0,5.0,0.0,903.0,58.58250276854928,82.50276854928018,100.0,4158.759591812208,水戸,2770.0,0,0.3259927797833935
2024,07,福島県,0702,県中,41.0,2.0,0.0,902.0,99.55654101995566,100.0,100.0,9911.701515725095,県中,5894.0,0,0.15303698676620292
2024,12,千葉県,1203,東葛北部,69.0,7.0,0.0,887.0,53.213077790304396,72.04058624577226,98.87260428410372,3510.0137397380945,東葛北部,6804.0,0,0.13036449147560258
2024,41,佐賀県,4105,南部,44.0,4.0,0.0,886.0,82.7313769751693,95.25959367945825,100.0,7013.589878164984,南部,2340.0,0,0.3786324786324786
2024,19,山梨県,1901,中北,46.0,2.0,0.0,885.0,98.41807909604519,100.0,100.0,9688.620766701779,中北,649.0,0,1.3636363636363635
2024,47,沖縄県,4703,南部,62.0,13.0,0.0,865.0,50.63583815028901,72.02312138728324,92.60115606936417,3233.559423970062,南部,2388.0,1,0.3622278056951424
2024,01,北海道,0121,根室,6.0,1.0,0.0,854.0,100.0,100.0,100.0,10000.0,根室,961.0,0,0.8886576482830385
2024,14,神奈川県,1409,県央,45.0,5.0,0.0,853.0,56.62368112543963,95.8968347010551,100.0,4755.397473093379,県央,5662.0,0,0.1506534793359237
2024,42,長崎県,4201,長崎,97.0,10.0,0.0,847.0,67.29634002361276,78.2762691853601,95.86776859504134,4781.024492304948,長崎,1642.0,0,0.5158343483556638
2024,46,鹿児島県,4603,南薩,42.0,3.0,0.0,844.0,86.37440758293839,99.17061611374407,99.99999999999999,7624.969115698209,南薩,870.0,1,0.9701149425287356
2024,14,神奈川県,1412,横浜,170.0,19.0,0.0,843.0,30.13048635824436,54.21115065243178,80.5456702253855,1877.2840037768292,横浜,66291.0,0,0.012716658369914468
2024,11,埼玉県,1102,南西部,41.0,8.0,0.0,812.0,38.17733990147783,63.669950738916256,96.92118226600985,2643.4152733626142,南西部,6816.0,1,0.11913145539906103
2024,13,東京都,1307,区東部,82.0,5.0,0.0,790.0,67.59493670886076,86.45569620253166,100.0,5005.832398654064,区東部,13673.0,0,0.057778102830395674
2024,21,岐阜県,2101,岐阜,85.0,17.0,0.0,717.0,53.417015341701536,62.203626220362615,80.61366806136681,3093.1414599417612,岐阜,6225.0,1,0.11518072289156626
2024,25,滋賀県,2502,湖南,19.0,1.0,0.0,648.0,100.0,100.0,100.0,10000.0,湖南,1209.0,0,0.5359801488833746
2024,24,三重県,2402,中勢伊賀,34.0,5.0,0.0,574.0,76.65505226480836,89.19860627177701,100.0,6080.564289963457,中勢伊賀,2423.0,0,0.23689640940982254
2024,07,福島県,0708,会津・南会津,22.0,4.0,0.0,549.0,92.71402550091075,95.62841530054644,99.99999999999999,8615.001277368025,会津・南会津,574.0,1,0.9564459930313589
2024,27,大阪府,2707,泉州,74.0,5.0,0.0,547.0,59.23217550274224,86.10603290676417,100.0,4355.584223736585,泉州,4587.0,0,0.11925005450185307
2024,01,北海道,0107,中空知,16.0,1.0,0.0,528.0,100.0,100.0,100.0,10000.0,中空知,902.0,0,0.5853658536585366
2024,13,東京都,1310,北多摩西部,33.0,5.0,0.0,521.0,51.439539347408825,82.34165067178503,100.0,3771.6115104203122,北多摩西部,4149.0,1,0.12557242709086527
2024,36,徳島県,3601,東部,111.0,11.0,0.0,474.0,45.9915611814346,65.61181434599156,94.09282700421942,2853.086221937367,東部,1634.0,0,0.29008567931456547
2024,06,山形県,0604,庄内,20.0,3.0,0.0,461.0,98.2646420824295,99.13232104121474,99.99999999999999,9657.44561713901,庄内,6075.0,1,0.07588477366255145
2024,44,大分県,4403,中部,144.0,11.0,0.0,455.0,37.8021978021978,53.84615384615385,89.45054945054946,2159.6908585919573,中部,1954.0,0,0.23285568065506654
2024,09,栃木県,0906,両毛,23.0,1.0,0.0,453.0,100.0,100.0,100.0,10000.0,両毛,215.0,1,2.1069767441860465
2024,45,宮崎県,4501,宮崎東諸県,75.0,4.0,0.0,439.0,47.83599088838269,74.94305239179954,100.0,3479.0707810773088,宮崎東諸県,2450.0,0,0.17918367346938777
2024,03,岩手県,0304,両磐,13.0,3.0,0.0,425.0,73.6470588235294,99.52941176470588,100.0,6094.006920415225,両磐,582.0,2,0.7302405498281787
2024,16,富山県,1603,高岡,30.0,3.0,0.0,412.0,88.10679611650485,96.35922330097088,100.0,7844.165331322462,高岡,1271.0,0,0.3241542092840283
2024,14,神奈川県,1405,川崎南部,27.0,3.0,0.0,403.0,93.05210918114145,97.51861042183623,100.0,8684.801950630816,川崎南部,3331.0,1,0.12098468928249775
2024,43,熊本県,4312,熊本・上益城,175.0,13.0,0.0,392.0,28.8265306122449,42.60204081632653,78.06122448979592,1545.319658475635,熊本・上益城,12026.0,0,0.03259604190919674
2024,44,大分県,4401,東部,64.0,3.0,0.0,392.0,91.3265306122449,99.74489795918366,99.99999999999999,8411.469179508538,東部,490.0,1,0.8
2024,39,高知県,3902,中央,112.0,9.0,0.0,387.0,32.299741602067186,60.72351421188631,91.98966408268734,2218.015744246139,中央,1216.0,0,0.3182565789473684
2024,23,愛知県,2307,知多半島,34.0,4.0,0.0,361.0,57.89473684210527,89.47368421052632,100.0,4438.962254740219,知多半島,801.0,0,0.45068664169787764
2024,12,千葉県,1202,東葛南部,77.0,7.0,0.0,350.0,56.57142857142857,85.42857142857143,97.42857142857144,4086.8571428571427,東葛南部,20954.0,0,0.016703254748496706
2024,11,埼玉県,1106,川越比企,58.0,6.0,0.0,348.0,45.11494252873563,74.13793103448276,99.42528735632185,3384.6941471792834,川越比企,2002.0,0,0.17382617382617382
2024,11,埼玉県,1104,さいたま,58.0,7.0,0.0,342.0,31.871345029239766,61.111111111111114,91.5204678362573,2262.2345337026777,さいたま,8814.0,0,0.03880190605854323
2024,13,東京都,1302,区南部,59.0,6.0,0.0,339.0,38.34808259587021,69.6165191740413,99.70501474926253,2867.274040427772,区南部,13697.0,0,0.024749945243483975
2024,01,北海道,0117,北網,28.0,3.0,0.0,317.0,94.6372239747634,99.36908517350159,100.0,8978.992725571952,北網,995.0,1,0.3185929648241206
2024,33,岡山県,3302,県南西部,80.0,4.0,0.0,312.0,44.871794871794876,78.2051282051282,100.0,3511.8754109138727,県南西部,781.0,0,0.3994878361075544
2024,04,宮城県,0401,仙南,16.0,3.0,0.0,295.0,87.45762711864407,99.32203389830508,100.0,7790.0603274920995,仙南,1397.0,0,0.21116678596993557
2024,23,愛知県,2305,尾張西部,38.0,5.0,0.0,291.0,79.38144329896907,87.62886597938144,99.99999999999999,6444.7750971292235,尾張西部,1101.0,1,0.26430517711171664
2024,11,埼玉県,1101,南部,37.0,2.0,0.0,273.0,79.48717948717949,100.0,100.0,6738.987508218277,南部,21516.0,0,0.012688232013385387
2024,38,愛媛県,3804,松山,103.0,6.0,0.0,259.0,41.6988416988417,61.003861003861005,95.75289575289575,2591.3447921169936,松山,1889.0,0,0.13710958178930652
2024,01,北海道,0101,南渡島,51.0,5.0,0.0,258.0,42.248062015503876,70.15503875968992,100.0,3209.2422330388804,南渡島,836.0,0,0.30861244019138756
2024,32,島根県,3204,大田,7.0,3.0,0.0,252.0,69.84126984126983,95.63492063492063,99.99999999999999,5562.1693121693115,大田,230.0,2,1.0956521739130434
2024,40,福岡県,4002,粕屋,37.0,4.0,0.0,251.0,66.53386454183267,88.44621513944223,100.0,5002.301550769035,粕屋,980.0,0,0.25612244897959185
2024,13,東京都,1306,区東北部,108.0,7.0,0.0,248.0,26.61290322580645,48.79032258064516,90.7258064516129,1936.7845993756505,区東北部,19284.0,0,0.012860402406139806
2024,45,宮崎県,4506,西都児湯,16.0,2.0,0.0,248.0,98.79032258064517,100.0,100.0,9760.991155046826,西都児湯,249.0,0,0.9959839357429718
2024,32,島根県,3203,出雲,18.0,3.0,0.0,246.0,94.71544715447155,98.3739837398374,100.0,8987.044748496266,出雲,8982.0,1,0.02738810955243821
2024,10,群馬県,1001,前橋,32.0,3.0,0.0,244.0,94.67213114754098,98.36065573770492,100.0,8979.105079279763,前橋,1346.0,0,0.1812778603268945
2024,23,愛知県,2309,西三河南部西,40.0,4.0,0.0,244.0,64.75409836065575,89.34426229508196,100.0,4902.9158828271975,西三河南部西,1714.0,1,0.1423570595099183
2024,20,長野県,2007,松本,32.0,6.0,0.0,243.0,83.9506172839506,91.35802469135803,99.58847736625513,7135.5992480821005,松本,547.0,1,0.44424131627056673
2024,23,愛知県,2312,東三河南部,52.0,1.0,0.0,237.0,100.0,100.0,100.0,10000.0,東三河南部,1206.0,0,0.19651741293532338
2024,31,鳥取県,3101,東部,20.0,2.0,0.0,230.0,75.21739130434783,100.0,100.0,6271.833648393194,東部,218.0,2,1.055045871559633
2024,37,香川県,3707,西部,61.0,2.0,0.0,227.0,96.0352422907489,100.0,100.0,9238.487065535912,西部,330.0,1,0.6878787878787879
2024,07,福島県,0707,いわき,31.0,3.0,0.0,224.0,95.53571428571429,97.76785714285715,100.0,9137.03762755102,いわき,2145.0,0,0.10442890442890443
2024,20,長野県,2001,佐久,15.0,3.0,0.0,222.0,88.28828828828829,99.09909909909909,100.0,7912.507101696291,佐久,761.0,1,0.29172141918528255
2024,39,高知県,3904,幡多,21.0,1.0,0.0,221.0,100.0,100.0,100.0,10000.0,幡多,566.0,0,0.39045936395759717
2024,11,埼玉県,1109,北部,47.0,4.0,0.0,216.0,92.12962962962963,97.68518518518519,100.0,8522.376543209877,北部,733.0,2,0.2946793997271487
2024,14,神奈川県,1406,横須賀・三浦,42.0,4.0,0.0,215.0,72.55813953488372,86.04651162790698,100.0,5550.892374256355,横須賀・三浦,3307.0,0,0.06501360749924402
2024,17,石川県,1702,石川中央,78.0,4.0,0.0,209.0,55.980861244019145,88.99521531100478,100.0,4317.437787596438,石川中央,3639.0,1,0.05743336081341028
2024,02,青森県,0205,上十三地域,20.0,1.0,0.0,207.0,100.0,100.0,100.0,10000.0,上十三地域,211.0,1,0.981042654028436
2024,03,岩手県,0309,二戸,7.0,1.0,0.0,207.0,100.0,100.0,100.0,10000.0,二戸,205.0,1,1.0097560975609756
2024,21,岐阜県,2104,東濃,21.0,4.0,0.0,193.0,72.53886010362694,89.11917098445596,100.0,5644.446830787404,東濃,94.0,2,2.0531914893617023
2024,34,広島県,3405,尾三,30.0,1.0,0.0,188.0,100.0,100.0,100.0,10000.0,尾三,239.0,1,0.7866108786610879
2024,06,山形県,0601,村山,41.0,3.0,0.0,181.0,94.47513812154696,97.79005524861878,100.0,8941.424254448888,村山,485.0,1,0.3731958762886598
2024,35,山口県,3503,周南,27.0,2.0,0.0,181.0,98.34254143646409,100.0,100.0,9674.002625072495,周南,453.0,0,0.3995584988962472
2024,21,岐阜県,2102,西濃,31.0,1.0,0.0,174.0,100.0,100.0,100.0,10000.0,西濃,288.0,0,0.6041666666666666
2024,26,京都府,2602,中丹,19.0,1.0,0.0,171.0,100.0,100.0,100.0,10000.0,中丹,224.0,1,0.7633928571428571
2024,36,徳島県,3605,西部,18.0,1.0,0.0,171.0,100.0,100.0,100.0,10000.0,西部,171.0,0,1.0
2024,42,長崎県,4202,佐世保県北,67.0,3.0,0.0,170.0,53.529411764705884,85.88235294117648,100.0,4111.418685121107,佐世保県北,307.0,0,0.5537459283387622
2024,38,愛媛県,3806,宇和島,20.0,2.0,0.0,167.0,91.61676646706587,100.0,100.0,8463.910502348597,宇和島,286.0,1,0.583916083916084
2024,41,佐賀県,4102,東部,19.0,1.0,0.0,166.0,100.0,100.0,100.0,10000.0,東部,239.0,1,0.694560669456067
2024,27,大阪府,2702,三島,40.0,7.0,0.0,164.0,40.853658536585364,60.36585365853659,92.68292682926828,2450.1784651992866,三島,5485.0,0,0.02989972652689152
2024,24,三重県,2403,南勢志摩,38.0,4.0,0.0,163.0,93.86503067484662,96.93251533742333,100.0,8824.946366065717,南勢志摩,1130.0,0,0.14424778761061946
2024,41,佐賀県,4104,西部,18.0,1.0,0.0,161.0,100.0,100.0,100.0,10000.0,西部,442.0,0,0.36425339366515835
2024,17,石川県,1701,南加賀,25.0,5.0,0.0,148.0,60.810810810810814,81.75675675675676,100.0,4283.235938641344,南加賀,316.0,1,0.46835443037974683
2024,42,長崎県,4209,対馬,3.0,1.0,0.0,147.0,100.0,100.0,100.0,10000.0,対馬,147.0,0,1.0
2024,43,熊本県,4311,天草,29.0,2.0,0.0,140.0,78.57142857142857,100.0,100.0,6632.65306122449,天草,287.0,0,0.4878048780487805
2024,43,熊本県,4308,八代,26.0,1.0,0.0,136.0,100.0,100.0,100.0,10000.0,八代,161.0,1,0.84472049689441
2024,02,青森県,0203,青森地域,40.0,4.0,0.0,131.0,64.12213740458014,80.91603053435115,100.0,4578.404521881008,青森地域,127.0,1,1.031496062992126
2024,34,広島県,3404,広島中央,24.0,3.0,0.0,131.0,57.25190839694656,92.36641221374045,99.99999999999999,4569.081055882524,広島中央,264.0,1,0.4962121212121212
2024,40,福岡県,4006,久留米,87.0,6.0,0.0,131.0,37.404580152671755,61.832061068702295,99.23664122137404,2677.5828914398926,久留米,3098.0,0,0.04228534538411879
2024,08,茨城県,0806,つくば,21.0,3.0,0.0,127.0,81.10236220472441,97.63779527559055,100.0,6856.593713187427,つくば,2759.0,0,0.04603117071402682
2024,27,大阪府,2704,中河内,41.0,3.0,0.0,126.0,84.12698412698413,97.61904761904762,100.0,7265.054169816074,中河内,1553.0,0,0.08113329040566646
2024,30,和歌山県,3001,和歌山,62.0,3.0,0.0,126.0,70.63492063492063,90.47619047619048,100.0,5473.670949861428,和歌山,601.0,0,0.2096505823627288
2024,36,徳島県,3603,南部,23.0,2.0,0.0,125.0,88.0,100.0,100.0,7887.999999999999,南部,152.0,0,0.8223684210526315
2024,14,神奈川県,1404,川崎北部,25.0,1.0,0.0,123.0,100.0,100.0,100.0,10000.0,川崎北部,4081.0,0,0.030139671649105613
2024,35,山口県,3501,岩国,18.0,2.0,0.0,121.0,88.42975206611571,100.0,100.0,7953.69168772625,岩国,191.0,0,0.6335078534031413
2024,28,兵庫県,2805,北播磨,23.0,1.0,0.0,116.0,100.0,100.0,100.0,10000.0,北播磨,402.0,1,0.2885572139303483
2024,28,兵庫県,2804,東播磨,45.0,3.0,0.0,115.0,75.65217391304347,91.30434782608695,100.0,6043.856332703213,東播磨,4284.0,0,0.02684407096171802
2024,09,栃木県,0901,県北,30.0,2.0,0.0,113.0,53.98230088495575,100.0,100.0,5031.717440676637,県北,2020.0,1,0.05594059405940594
2024,40,福岡県,4012,北九州,154.0,3.0,0.0,108.0,55.55555555555556,81.4814814814815,100.0,4101.508916323731,北九州,2347.0,0,0.04601619088197699
2024,01,北海道,0112,上川中部,57.0,4.0,0.0,107.0,71.96261682242991,90.65420560747664,100.0,5599.615686959559,上川中部,589.0,1,0.18166383701188454
2024,42,長崎県,4206,五島,9.0,4.0,0.0,103.0,54.36893203883495,91.2621359223301,100.0,4359.506079743614,五島,369.0,2,0.2791327913279133
2024,02,青森県,0201,津軽地域,48.0,4.0,0.0,99.0,50.505050505050505,95.95959595959596,99.99999999999999,4627.0788695031115,津軽地域,576.0,1,0.171875
2024,08,茨城県,0807,取手・竜ヶ崎,26.0,4.0,0.0,97.0,56.70103092783505,87.62886597938144,100.0,4301.200977787225,取手・竜ヶ崎,1459.0,0,0.06648389307745031
2024,01,北海道,0110,東胆振,21.0,3.0,0.0,95.0,67.36842105263158,98.94736842105263,100.0,5536.8421052631575,東胆振,98.0,0,0.9693877551020408
2024,04,宮城県,0403,仙台,116.0,8.0,0.0,92.0,40.21739130434783,63.04347826086957,86.95652173913044,2405.4820415879017,仙台,3329.0,0,0.02763592670471613
2024,01,北海道,0106,南空知,26.0,2.0,0.0,88.0,77.27272727272727,100.0,100.0,6487.603305785124,南空知,135.0,1,0.6518518518518519
2024,03,岩手県,0307,宮古,7.0,2.0,0.0,87.0,93.10344827586206,100.0,100.0,8715.814506539835,宮古,1332.0,2,0.06531531531531531
2024,38,愛媛県,3803,今治,39.0,5.0,0.0,86.0,60.46511627906976,77.90697674418604,100.0,4204.975662520281,今治,99.0,1,0.8686868686868687
2024,15,新潟県,1505,魚沼,12.0,3.0,0.0,85.0,51.76470588235295,85.88235294117648,100.0,4042.9065743944643,魚沼,732.0,0,0.11612021857923498
2024,11,埼玉県,1105,県央,32.0,4.0,0.0,81.0,39.50617283950617,69.1358024691358,99.99999999999999,3251.0288065843624,県央,932.0,0,0.08690987124463519
2024,01,北海道,0120,釧路,28.0,1.0,0.0,79.0,100.0,100.0,100.0,10000.0,釧路,1132.0,0,0.06978798586572438
2024,33,岡山県,3301,県南東部,119.0,6.0,0.0,77.0,63.63636363636363,84.4155844155844,97.40259740259741,4552.201045707539,県南東部,2608.0,0,0.029524539877300613
2024,33,岡山県,3305,津山・英田,26.0,1.0,0.0,77.0,100.0,100.0,100.0,10000.0,津山・英田,100.0,1,0.77
2024,40,福岡県,4007,八女・筑後,22.0,1.0,0.0,77.0,100.0,100.0,100.0,10000.0,八女・筑後,101.0,0,0.7623762376237624
2024,11,埼玉県,1103,東部,73.0,3.0,0.0,75.0,89.33333333333333,98.66666666666667,100.0,8069.333333333334,東部,8786.0,0,0.008536307762349192
2024,17,石川県,1703,能登中部,10.0,2.0,0.0,74.0,89.1891891891892,100.0,100.0,8071.585098612126,能登中部,1267.0,1,0.05840568271507498
2024,31,鳥取県,3102,中部,15.0,3.0,0.0,73.0,49.31506849315068,84.93150684931507,100.0,3927.5661474948392,中部,312.0,0,0.23397435897435898
2024,18,福井県,1804,嶺南,12.0,2.0,0.0,72.0,76.38888888888889,100.0,100.0,6392.746913580246,嶺南,79.0,1,0.9113924050632911
2024,38,愛媛県,3801,宇摩,9.0,2.0,0.0,70.0,91.42857142857143,100.0,100.0,8432.65306122449,宇摩,298.0,0,0.2348993288590604
2024,07,福島県,0701,県北,35.0,2.0,0.0,68.0,70.58823529411765,100.0,100.0,5847.750865051904,県北,1497.0,0,0.04542418169672679
2024,01,北海道,0105,後志,31.0,4.0,0.0,64.0,42.1875,73.4375,100.0,3383.7890625,後志,1186.0,0,0.05396290050590219
2024,22,静岡県,2206,志太榛原,21.0,2.0,0.0,63.0,50.79365079365079,100.0,100.0,5001.259763164525,志太榛原,859.0,1,0.07334109429569266
2024,09,栃木県,0903,宇都宮,49.0,3.0,0.0,61.0,50.81967213114754,78.68852459016394,100.0,3813.4909970438052,宇都宮,4331.0,0,0.014084507042253521
2024,42,長崎県,4203,県央,63.0,2.0,0.0,60.0,90.0,100.0,100.0,8200.0,県央,262.0,2,0.22900763358778625
2024,46,鹿児島県,4609,曽於,12.0,2.0,0.0,59.0,67.79661016949152,100.0,100.0,5633.438667049698,曽於,59.0,0,1.0
2024,14,神奈川県,1411,県西,29.0,2.0,0.0,56.0,92.85714285714286,100.0,100.0,8673.469387755102,県西,922.0,0,0.06073752711496746
2024,34,広島県,3403,呉,35.0,2.0,0.0,56.0,73.21428571428571,100.0,100.0,6077.806122448978,呉,264.0,0,0.21212121212121213
2024,12,千葉県,1206,山武長生夷隅,29.0,2.0,0.0,53.0,56.60377358490566,100.0,100.0,5087.219651121395,山武長生夷隅,263.0,0,0.20152091254752852
2024,40,福岡県,4009,飯塚,32.0,3.0,0.0,53.0,43.39622641509434,77.35849056603774,100.0,3549.305802776789,飯塚,0.0,3,inf
2024,43,熊本県,4302,宇城,19.0,2.0,0.0,53.0,86.79245283018868,100.0,100.0,7707.36917052332,宇城,265.0,0,0.2
2024,21,岐阜県,2103,中濃,30.0,2.0,0.0,51.0,82.35294117647058,100.0,100.0,7093.425605536332,中濃,858.0,0,0.05944055944055944
2024,18,福井県,1803,丹南,24.0,3.0,0.0,49.0,73.46938775510205,89.79591836734694,100.0,5768.429820907955,丹南,84.0,1,0.5833333333333334
2024,37,香川県,3706,東部,81.0,2.0,0.0,49.0,65.3061224489796,100.0,100.0,5468.554768846313,東部,232.0,1,0.21120689655172414
2024,10,群馬県,1004,高崎・安中,40.0,3.0,0.0,47.0,70.2127659574468,97.87234042553192,100.0,5699.411498415573,高崎・安中,2176.0,0,0.021599264705882353
2024,29,奈良県,2901,奈良,27.0,2.0,0.0,47.0,61.702127659574465,100.0,100.0,5273.879583521955,奈良,1828.0,0,0.025711159737417943
2024,08,茨城県,0803,常陸太田・ひたちなか,36.0,3.0,0.0,46.0,91.30434782608695,97.82608695652173,99.99999999999999,8383.742911153116,常陸太田・ひたちなか,240.0,0,0.19166666666666668
2024,11,埼玉県,1107,西部,62.0,2.0,0.0,45.0,53.333333333333336,100.0,100.0,5022.222222222223,西部,3999.0,0,0.011252813203300824
2024,39,高知県,3903,高幡,9.0,3.0,0.0,44.0,72.72727272727273,88.63636363636364,100.0,5671.487603305784,高幡,44.0,0,1.0
2024,43,熊本県,4305,菊池,27.0,3.0,0.0,43.0,58.139534883720934,95.34883720930233,100.0,4786.371011357491,菊池,38.0,0,1.131578947368421
2024,45,宮崎県,4505,西諸,21.0,3.0,0.0,42.0,71.42857142857143,95.23809523809523,100.0,5691.609977324263,西諸,237.0,1,0.17721518987341772
2024,08,茨城県,0805,土浦,18.0,1.0,0.0,39.0,100.0,100.0,100.0,10000.0,土浦,1869.0,0,0.02086677367576244
2024,09,栃木県,0905,県南,38.0,3.0,0.0,38.0,84.21052631578947,92.10526315789474,100.0,7216.066481994459,県南,2654.0,1,0.014318010550113038
2024,47,沖縄県,4701,北部,10.0,1.0,0.0,37.0,100.0,100.0,100.0,10000.0,北部,1054.0,0,0.03510436432637571
2024,13,東京都,1311,北多摩南部,46.0,4.0,0.0,34.0,41.17647058823529,79.41176470588235,100.0,3373.702422145329,北多摩南部,9260.0,1,0.00367170626349892
2024,31,鳥取県,3103,西部,33.0,5.0,0.0,32.0,40.625,68.75,100.0,2968.75,西部,105.0,2,0.3047619047619048
2024,15,新潟県,1504,中越,18.0,1.0,0.0,31.0,100.0,100.0,100.0,10000.0,中越,1066.0,0,0.029080675422138838
2024,22,静岡県,2208,西部,53.0,3.0,0.0,31.0,48.38709677419355,74.19354838709677,100.0,3673.2570239334027,西部,2496.0,1,0.012419871794871794
2024,23,愛知県,2310,西三河南部東,24.0,1.0,0.0,31.0,100.0,100.0,100.0,10000.0,西三河南部東,712.0,0,0.04353932584269663
2024,35,山口県,3505,宇部・小野田,28.0,1.0,0.0,31.0,100.0,100.0,100.0,10000.0,宇部・小野田,400.0,1,0.0775
2024,23,愛知県,2308,西三河北部,27.0,2.0,0.0,30.0,63.33333333333333,100.0,100.0,5355.555555555556,西三河北部,606.0,1,0.04950495049504951
2024,26,京都府,2603,南丹,13.0,1.0,0.0,29.0,100.0,100.0,100.0,10000.0,南丹,71.0,0,0.4084507042253521
2024,11,埼玉県,1108,利根,42.0,1.0,0.0,28.0,100.0,100.0,100.0,10000.0,利根,1364.0,0,0.020527859237536656
2024,14,神奈川県,1407,湘南東部,31.0,2.0,0.0,28.0,85.71428571428571,100.0,100.0,7551.020408163265,湘南東部,7814.0,1,0.0035833120040952137
2024,45,宮崎県,4503,延岡西臼杵,29.0,2.0,0.0,28.0,64.28571428571429,100.0,100.0,5408.163265306123,延岡西臼杵,28.0,0,1.0
2024,17,石川県,1704,能登北部,6.0,2.0,0.0,26.0,61.53846153846154,100.0,100.0,5266.2721893491125,能登北部,224.0,1,0.11607142857142858
2024,22,静岡県,2201,賀茂,9.0,2.0,0.0,26.0,84.61538461538461,100.0,100.0,7396.449704142012,賀茂,708.0,0,0.03672316384180791
2024,38,愛媛県,3802,新居浜・西条,28.0,1.0,0.0,26.0,100.0,100.0,100.0,10000.0,新居浜・西条,94.0,0,0.2765957446808511
2024,03,岩手県,0302,岩手中部,18.0,2.0,0.0,24.0,66.66666666666666,100.0,100.0,5555.555555555556,岩手中部,656.0,1,0.036585365853658534
2024,06,山形県,0603,置賜,18.0,1.0,0.0,24.0,100.0,100.0,100.0,10000.0,置賜,608.0,0,0.039473684210526314
2024,32,島根県,3201,松江,22.0,2.0,0.0,23.0,91.30434782608695,100.0,100.0,8412.098298676747,松江,442.0,1,0.05203619909502263
2024,10,群馬県,1007,吾妻,9.0,1.0,0.0,20.0,100.0,100.0,100.0,10000.0,吾妻,0.0,1,inf
2024,35,山口県,3502,柳井,10.0,2.0,0.0,20.0,60.0,100.0,100.0,5200.0,柳井,137.0,0,0.145985401459854
2024,03,岩手県,0303,胆江,11.0,1.0,0.0,19.0,100.0,100.0,100.0,10000.0,胆江,24.0,0,0.7916666666666666
2024,46,鹿児島県,4610,肝属,35.0,1.0,0.0,16.0,100.0,100.0,100.0,10000.0,肝属,325.0,1,0.04923076923076923
2024,12,千葉県,1207,安房,21.0,2.0,0.0,15.0,53.333333333333336,100.0,100.0,5022.222222222223,安房,110.0,1,0.13636363636363635
2024,35,山口県,3504,山口・防府,32.0,2.0,0.0,14.0,71.42857142857143,100.0,100.0,5918.367346938775,山口・防府,274.0,0,0.051094890510948905
2024,15,新潟県,1507,佐渡,3.0,1.0,0.0,13.0,100.0,100.0,100.0,10000.0,佐渡,116.0,1,0.11206896551724138
2024,01,北海道,0116,宗谷,10.0,2.0,0.0,12.0,66.66666666666666,100.0,100.0,5555.555555555556,宗谷,12.0,1,1.0
2024,33,岡山県,3303,高梁・新見,9.0,1.0,0.0,12.0,100.0,100.0,100.0,10000.0,高梁・新見,0.0,2,inf
2024,05,秋田県,0503,県南,21.0,1.0,0.0,11.0,100.0,100.0,100.0,10000.0,能代・山本,823.0,0,0.013365735115431349
2024,42,長崎県,4208,壱岐,4.0,1.0,0.0,11.0,100.0,100.0,100.0,10000.0,壱岐,0.0,1,inf
2024,43,熊本県,4309,芦北,18.0,2.0,0.0,11.0,54.54545454545454,100.0,100.0,5041.322314049586,芦北,0.0,3,inf
2024,15,新潟県,1502,新潟,56.0,1.0,0.0,10.0,100.0,100.0,100.0,10000.0,新潟,1237.0,0,0.008084074373484237
2024,43,熊本県,4303,有明,30.0,1.0,0.0,9.0,100.0,100.0,100.0,10000.0,有明,21.0,1,0.42857142857142855
2024,19,山梨県,1904,富士・東部,12.0,1.0,0.0,8.0,100.0,100.0,100.0,10000.0,富士・東部,2081.0,0,0.0038443056222969728
2024,13,東京都,1308,西多摩,28.0,1.0,0.0,7.0,100.0,100.0,100.0,10000.0,西多摩,1057.0,0,0.006622516556291391
2024,20,長野県,2005,飯伊,11.0,1.0,0.0,7.0,100.0,100.0,100.0,10000.0,飯伊,133.0,1,0.05263157894736842
2024,20,長野県,2006,木曽,1.0,1.0,0.0,7.0,100.0,100.0,100.0,10000.0,木曽,0.0,1,inf
2024,23,愛知県,2304,尾張東部,32.0,2.0,0.0,7.0,85.71428571428571,100.0,100.0,7551.020408163265,尾張東部,578.0,0,0.012110726643598616
2024,26,京都府,2605,山城北,28.0,1.0,0.0,7.0,100.0,100.0,100.0,10000.0,山城北,760.0,1,0.009210526315789473
2024,28,兵庫県,2810,淡路,13.0,2.0,0.0,7.0,85.71428571428571,100.0,100.0,7551.020408163265,淡路,52.0,1,0.1346153846153846
2024,34,広島県,3402,広島西,15.0,1.0,0.0,7.0,100.0,100.0,100.0,10000.0,広島西,1109.0,0,0.0063119927862939585
2024,42,長崎県,4204,県南,29.0,2.0,0.0,6.0,83.33333333333334,100.0,100.0,7222.2222222222235,県南,0.0,1,inf
2024,43,熊本県,4304,鹿本,10.0,1.0,0.0,6.0,100.0,100.0,100.0,10000.0,鹿本,0.0,1,inf
2024,03,岩手県,0305,気仙,6.0,1.0,0.0,5.0,100.0,100.0,100.0,10000.0,気仙,73.0,1,0.0684931506849315
2024,15,新潟県,1501,下越,14.0,1.0,0.0,5.0,100.0,100.0,100.0,10000.0,下越,49.0,1,0.10204081632653061
2024,19,山梨県,1902,峡東,16.0,1.0,0.0,5.0,100.0,100.0,100.0,10000.0,峡東,314.0,0,0.01592356687898089
2024,46,鹿児島県,4605,川薩,32.0,1.0,0.0,5.0,100.0,100.0,100.0,10000.0,川薩,13.0,0,0.38461538461538464
2024,04,宮城県,0409,石巻・登米・気仙沼,22.0,1.0,0.0,4.0,100.0,100.0,100.0,10000.0,石巻・登米・気仙沼,343.0,0,0.011661807580174927
2024,44,大分県,4409,北部,43.0,2.0,0.0,4.0,75.0,100.0,100.0,6250.0,北部,137.0,0,0.029197080291970802
2024,09,栃木県,0902,県西,15.0,1.0,0.0,3.0,100.0,100.0,100.0,10000.0,県西,40.0,1,0.075
2024,18,福井県,1802,奥越,7.0,1.0,0.0,3.0,100.0,100.0,100.0,10000.0,奥越,17.0,0,0.17647058823529413
2024,01,北海道,0111,日高,9.0,1.0,0.0,2.0,100.0,100.0,100.0,10000.0,日高,564.0,1,0.0035460992907801418
2024,08,茨城県,0802,日立,21.0,1.0,0.0,2.0,100.0,100.0,100.0,10000.0,日立,132.0,1,0.015151515151515152
2024,20,長野県,2008,大北,3.0,1.0,0.0,2.0,100.0,100.0,100.0,10000.0,大北,0.0,1,inf
2024,40,福岡県,4011,田川,23.0,1.0,0.0,2.0,100.0,100.0,100.0,10000.0,田川,0.0,1,inf
2024,44,大分県,4405,南部,13.0,1.0,0.0,2.0,100.0,100.0,100.0,10000.0,南部,0.0,2,inf
2024,44,大分県,4406,豊肥,16.0,1.0,0.0,2.0,100.0,100.0,100.0,10000.0,豊肥,158.0,0,0.012658227848101266
2024,10,群馬県,1008,沼田,10.0,1.0,0.0,1.0,100.0,100.0,100.0,10000.0,沼田,0.0,1,inf
2024,12,千葉県,1205,香取海匝,22.0,1.0,0.0,1.0,100.0,100.0,100.0,10000.0,香取海匝,153.0,1,0.006535947712418301
2024,21,岐阜県,2105,飛騨,12.0,1.0,0.0,1.0,100.0,100.0,100.0,10000.0,飛騨,25.0,1,0.04
2024,23,愛知県,2302,海部,23.0,1.0,0.0,1.0,100.0,100.0,100.0,10000.0,海部,680.0,0,0.0014705882352941176
2024,35,山口県,3507,長門,6.0,1.0,0.0,1.0,100.0,100.0,100.0,10000.0,長門,0.0,1,inf
2024,44,大分県,4408,西部,29.0,1.0,0.0,1.0,100.0,100.0,100.0,10000.0,西部,0.0,1,inf
2024,46,鹿児島県,4612,奄美,23.0,1.0,0.0,1.0,100.0,100.0,100.0,10000.0,奄美,398.0,0,0.002512562814070352
2024,01,北海道,0102,南檜山,7.0,0.0,0.0,0.0,,,,,南檜山,0.0,0,
2024,01,北海道,0103,北渡島檜山,6.0,0.0,0.0,0.0,,,,,北渡島檜山,0.0,0,
2024,01,北海道,0108,北空知,3.0,0.0,0.0,0.0,,,,,北空知,52.0,0,0.0
2024,01,北海道,0109,西胆振,20.0,0.0,0.0,0.0,,,,,西胆振,946.0,0,0.0
2024,01,北海道,0113,上川北部,9.0,0.0,0.0,0.0,,,,,上川北部,0.0,0,
2024,01,北海道,0114,富良野,3.0,0.0,0.0,0.0,,,,,富良野,0.0,0,
2024,01,北海道,0115,留萌,6.0,0.0,0.0,0.0,,,,,留萌,60.0,0,0.0
2024,01,北海道,0118,遠紋,12.0,0.0,0.0,0.0,,,,,遠紋,54.0,1,0.0
2024,02,青森県,0204,西北五地域,8.0,0.0,0.0,0.0,,,,,西北五地域,494.0,1,0.0
2024,02,青森県,0206,下北地域,5.0,0.0,0.0,0.0,,,,,下北地域,0.0,1,
2024,03,岩手県,0306,釜石,7.0,0.0,0.0,0.0,,,,,釜石,0.0,1,
2024,03,岩手県,0308,久慈,6.0,0.0,0.0,0.0,,,,,久慈,0.0,2,
2024,05,秋田県,0501,県北,22.0,0.0,0.0,0.0,,,,,大館・鹿角,78.0,0,0.0
2024,06,山形県,0602,最上,5.0,0.0,0.0,0.0,,,,,最上,26.0,0,0.0
2024,07,福島県,0703,県南,11.0,0.0,0.0,0.0,,,,,県南,324.0,0,0.0
2024,07,福島県,0706,相双,15.0,0.0,0.0,0.0,,,,,相双,31.0,1,0.0
2024,08,茨城県,0804,鹿行,18.0,0.0,0.0,0.0,,,,,鹿行,545.0,0,0.0
2024,08,茨城県,0808,筑西・下妻,17.0,0.0,0.0,0.0,,,,,筑西・下妻,871.0,0,0.0
2024,08,茨城県,0809,古河・坂東,14.0,0.0,0.0,0.0,,,,,古河・坂東,16.0,1,0.0
2024,09,栃木県,0904,県東,7.0,0.0,0.0,0.0,,,,,県東,17.0,1,0.0
2024,10,群馬県,1002,渋川,10.0,0.0,0.0,0.0,,,,,渋川,312.0,1,0.0
2024,10,群馬県,1003,伊勢崎,19.0,0.0,0.0,0.0,,,,,伊勢崎,61.0,1,0.0
2024,10,群馬県,1005,藤岡,5.0,0.0,0.0,0.0,,,,,藤岡,125.0,1,0.0
2024,10,群馬県,1006,富岡,5.0,0.0,0.0,0.0,,,,,富岡,654.0,0,0.0
2024,10,群馬県,1009,桐生,15.0,0.0,0.0,0.0,,,,,桐生,0.0,1,
2024,10,群馬県,1010,太田・館林,20.0,0.0,0.0,0.0,,,,,太田・館林,1207.0,0,0.0
2024,11,埼玉県,1110,秩父,10.0,0.0,0.0,0.0,,,,,秩父,29.0,1,0.0
2024,12,千葉県,1208,君津,29.0,0.0,0.0,0.0,,,,,君津,573.0,0,0.0
2024,13,東京都,1313,島しょ,10.0,0.0,0.0,0.0,,,,,島しょ,0.0,0,
2024,15,新潟県,1503,県央,11.0,0.0,0.0,0.0,,,,,県央,705.0,0,0.0
2024,15,新潟県,1506,上越,14.0,0.0,0.0,0.0,,,,,上越,627.0,0,0.0
2024,16,富山県,1604,砺波,15.0,0.0,0.0,0.0,,,,,砺波,119.0,0,0.0
2024,19,山梨県,1903,峡南,5.0,0.0,0.0,0.0,,,,,峡南,0.0,0,
2024,20,長野県,2002,上小,18.0,0.0,0.0,0.0,,,,,上小,85.0,1,0.0
2024,20,長野県,2003,諏訪,13.0,0.0,0.0,0.0,,,,,諏訪,451.0,0,0.0
2024,20,長野県,2004,上伊那,8.0,0.0,0.0,0.0,,,,,上伊那,89.0,0,0.0
2024,20,長野県,2009,長野,47.0,0.0,0.0,0.0,,,,,長野,2442.0,0,0.0
2024,20,長野県,2010,北信,4.0,0.0,0.0,0.0,,,,,北信,0.0,0,
2024,22,静岡県,2202,熱海伊東,10.0,0.0,0.0,0.0,,,,,熱海伊東,82.0,1,0.0
2024,22,静岡県,2204,富士,30.0,0.0,0.0,0.0,,,,,富士,161.0,1,0.0
2024,23,愛知県,2311,東三河北部,5.0,0.0,0.0,0.0,,,,,東三河北部,211.0,1,0.0
2024,24,三重県,2404,東紀州,5.0,0.0,0.0,0.0,,,,,東紀州,525.0,0,0.0
2024,25,滋賀県,2503,甲賀,9.0,0.0,0.0,0.0,,,,,甲賀,17.0,1,0.0
2024,25,滋賀県,2504,東近江,14.0,0.0,0.0,0.0,,,,,東近江,78.0,1,0.0
2024,25,滋賀県,2505,湖東,6.0,0.0,0.0,0.0,,,,,湖東,134.0,0,0.0
2024,25,滋賀県,2506,湖北,4.0,0.0,0.0,0.0,,,,,湖北,1231.0,0,0.0
2024,25,滋賀県,2507,湖西,3.0,0.0,0.0,0.0,,,,,湖西,159.0,0,0.0
2024,26,京都府,2601,丹後,8.0,0.0,0.0,0.0,,,,,丹後,191.0,0,0.0
2024,26,京都府,2606,山城南,4.0,0.0,0.0,0.0,,,,,山城南,385.0,0,0.0
2024,28,兵庫県,2808,但馬,10.0,0.0,0.0,0.0,,,,,但馬,310.0,0,0.0
2024,28,兵庫県,2809,丹波,7.0,0.0,0.0,0.0,,,,,丹波,0.0,0,
2024,29,奈良県,2902,東和,17.0,0.0,0.0,0.0,,,,,東和,1584.0,0,0.0
2024,29,奈良県,2903,西和,24.0,0.0,0.0,0.0,,,,,西和,808.0,0,0.0
2024,29,奈良県,2904,中和,21.0,0.0,0.0,0.0,,,,,中和,299.0,1,0.0
2024,29,奈良県,2905,南和,7.0,0.0,0.0,0.0,,,,,南和,0.0,1,
2024,30,和歌山県,3002,那賀,10.0,0.0,0.0,0.0,,,,,那賀,368.0,1,0.0
2024,30,和歌山県,3003,橋本,8.0,0.0,0.0,0.0,,,,,橋本,0.0,1,
2024,30,和歌山県,3004,有田,7.0,0.0,0.0,0.0,,,,,有田,25.0,0,0.0
2024,30,和歌山県,3005,御坊,5.0,0.0,0.0,0.0,,,,,御坊,13.0,0,0.0
2024,30,和歌山県,3006,田辺,11.0,0.0,0.0,0.0,,,,,田辺,92.0,1,0.0
2024,30,和歌山県,3007,新宮,9.0,0.0,0.0,0.0,,,,,新宮,46.0,1,0.0
2024,32,島根県,3202,雲南,4.0,0.0,0.0,0.0,,,,,雲南,0.0,2,
2024,32,島根県,3205,浜田,7.0,0.0,0.0,0.0,,,,,浜田,0.0,3,
2024,32,島根県,3206,益田,4.0,0.0,0.0,0.0,,,,,益田,127.0,1,0.0
2024,32,島根県,3207,隠岐,2.0,0.0,0.0,0.0,,,,,隠岐,0.0,1,
2024,33,岡山県,3304,真庭,7.0,0.0,0.0,0.0,,,,,真庭,0.0,1,
2024,34,広島県,3407,備北,16.0,0.0,0.0,0.0,,,,,備北,46.0,0,0.0
2024,35,山口県,3508,萩,9.0,0.0,0.0,0.0,,,,,萩,0.0,1,
2024,37,香川県,3702,小豆,2.0,0.0,0.0,0.0,,,,,小豆,0.0,0,
2024,39,高知県,3901,安芸,10.0,0.0,0.0,0.0,,,,,安芸,0.0,0,
2024,40,福岡県,4003,宗像,21.0,0.0,0.0,0.0,,,,,宗像,352.0,1,0.0
2024,40,福岡県,4005,朝倉,10.0,0.0,0.0,0.0,,,,,朝倉,185.0,0,0.0
2024,40,福岡県,4010,直方・鞍手,14.0,0.0,0.0,0.0,,,,,直方・鞍手,0.0,0,
2024,40,福岡県,4013,京築,22.0,0.0,0.0,0.0,,,,,京築,0.0,0,
2024,41,佐賀県,4101,中部,72.0,0.0,0.0,0.0,,,,,中部,384.0,1,0.0
2024,41,佐賀県,4103,北部,26.0,0.0,0.0,0.0,,,,,北部,81.0,1,0.0
2024,42,長崎県,4207,上五島,2.0,0.0,0.0,0.0,,,,,上五島,0.0,0,
2024,43,熊本県,4306,阿蘇,9.0,0.0,0.0,0.0,,,,,阿蘇,133.0,1,0.0
2024,43,熊本県,4310,球磨,19.0,0.0,0.0,0.0,,,,,球磨,43.0,0,0.0
2024,45,宮崎県,4504,日南串間,12.0,0.0,0.0,0.0,,,,,日南串間,0.0,1,
2024,45,宮崎県,4507,日向入郷,18.0,0.0,0.0,0.0,,,,,日向入郷,0.0,0,
2024,46,鹿児島県,4606,出水,18.0,0.0,0.0,0.0,,,,,出水,17.0,1,0.0
2024,46,鹿児島県,4611,熊毛,5.0,0.0,0.0,0.0,,,,,熊毛,254.0,1,0.0
2024,47,沖縄県,4702,中部,32.0,0.0,0.0,0.0,,,,,中部,3849.0,0,0.0
2024,47,沖縄県,4704,宮古,9.0,0.0,0.0,0.0,,,,,宮古,191.0,1,0.0
2024,47,沖縄県,4705,八重山,6.0,0.0,0.0,0.0,,,,,八重山,86.0,0,0.0
