prefecture_code,prefecture_name,patient_online_rate_mean_pct,patient_rate_range_pct,internet_use_mean_pct,supply_standardized_mean_pct,rank_gap_mean,low_event_proxy_years,estimated_events_proxy_min,patient_mean_rank,supply_mean_rank,abs_rank_gap_mean,patient_supply_type
13,東京都,4.5,1.4,88.76666666666667,0.38072495494260866,0.0,0,25.651999999999997,47.0,47.0,0.0,患者側・供給側とも高い
47,沖縄県,3.0666666666666664,1.8000000000000003,81.76666666666667,0.041942192319569804,-8.666666666666666,1,7.428999999999999,46.0,36.0,8.666666666666666,患者側・供給側とも高い
14,神奈川県,2.966666666666667,1.9,88.56666666666666,0.07910913227161076,-0.8333333333333334,0,13.06,45.0,45.0,0.8333333333333334,患者側・供給側とも高い
23,愛知県,2.6333333333333333,1.3000000000000003,85.73333333333333,0.07010486954692104,-0.8333333333333334,0,13.698999999999998,44.0,42.0,0.8333333333333334,患者側・供給側とも高い
12,千葉県,2.533333333333333,0.20000000000000018,83.66666666666667,0.06838919744385684,2.0,0,13.442,42.5,41.0,2.0,患者側・供給側とも高い
01,北海道,2.533333333333333,2.0,81.39999999999999,0.0463412415788703,-3.8333333333333335,1,9.072,42.5,37.0,3.8333333333333335,患者側・供給側とも高い
11,埼玉県,2.5,1.0,85.10000000000001,0.07213771836866137,2.6666666666666665,0,15.582,41.0,43.0,2.6666666666666665,患者側・供給側とも高い
28,兵庫県,2.3000000000000003,2.5,81.73333333333333,0.04923175199775163,3.0,1,6.24,40.0,38.0,3.0,患者側・供給側とも高い
34,広島県,2.1999999999999997,0.5,85.10000000000001,0.023833003985140034,-16.5,0,14.231,39.0,16.0,16.5,患者側高・供給側低い
27,大阪府,2.1333333333333333,1.2,84.73333333333333,0.06583217303909387,8.5,1,8.347,37.5,40.0,8.5,患者側・供給側とも高い
08,茨城県,2.1333333333333333,1.1999999999999997,82.0,0.026347605973434496,-13.0,1,9.888,37.5,22.0,13.0,患者側高・供給側低い
22,静岡県,2.033333333333333,0.8999999999999999,82.36666666666667,0.0297059214748232,-10.333333333333334,0,12.465,35.5,28.0,10.333333333333334,患者側・供給側とも高い
26,京都府,2.033333333333333,1.4,86.46666666666665,0.04105870455778193,0.5,1,8.091999999999999,35.5,34.0,0.5,患者側・供給側とも高い
24,三重県,1.9666666666666668,0.8999999999999999,82.73333333333333,0.031370907770026435,-6.166666666666667,1,9.309999999999999,34.0,30.0,6.166666666666667,患者側・供給側とも高い
25,滋賀県,1.7333333333333332,2.0,86.10000000000001,0.018048379225866832,-14.0,1,6.21,33.0,10.0,14.0,患者側高・供給側低い
30,和歌山県,1.6666666666666667,2.9,77.5,0.0103221018347942,-19.166666666666668,2,1.808,32.0,3.0,19.166666666666668,患者側高・供給側低い
07,福島県,1.6333333333333335,1.9000000000000001,78.83333333333333,0.040022129516819105,7.333333333333333,2,4.6,30.0,33.0,7.333333333333333,患者側・供給側とも高い
45,宮崎県,1.6333333333333335,2.4,75.56666666666666,0.02417921757011653,-6.5,1,0.8180000000000001,30.0,19.0,6.5,患者側高・供給側低い
33,岡山県,1.6333333333333335,0.9000000000000001,80.66666666666667,0.0136630930609656,-19.5,1,7.74,30.0,5.0,19.5,患者側高・供給側低い
29,奈良県,1.5999999999999999,1.4,85.7,0.020120475001748964,-10.333333333333334,1,6.102,27.5,12.0,10.333333333333334,患者側高・供給側低い
21,岐阜県,1.5999999999999999,0.5999999999999999,82.60000000000001,0.024038650351317165,-4.666666666666667,1,8.71,27.5,17.0,4.666666666666667,患者側高・供給側低い
10,群馬県,1.5333333333333334,1.4000000000000001,80.63333333333333,0.028423992454044398,1.5,1,6.944000000000001,26.0,25.0,1.5,患者側・供給側とも高い
31,鳥取県,1.5,1.7000000000000002,77.66666666666667,0.0151371772753241,-12.333333333333334,1,2.54,24.5,7.0,12.333333333333334,患者側高・供給側低い
04,宮城県,1.5,2.9,82.36666666666666,0.018864830005142035,-8.0,2,0.67,24.5,11.0,8.0,患者側高・供給側低い
36,徳島県,1.4333333333333333,1.5999999999999999,77.66666666666667,0.015037291170712933,-11.5,2,5.072,22.5,6.0,11.5,患者側・供給側とも低い
20,長野県,1.4333333333333333,1.6,81.56666666666666,0.029481233662789864,2.6666666666666665,1,3.1040000000000005,22.5,26.0,2.6666666666666665,患者側低い・供給側高
40,福岡県,1.4000000000000001,1.1,82.66666666666667,0.029491784880898434,2.6666666666666665,2,3.2310000000000003,21.0,27.0,2.6666666666666665,患者側低い・供給側高
19,山梨県,1.3333333333333333,0.5999999999999999,82.13333333333334,0.025753282836263366,3.0,2,7.205000000000001,19.0,20.0,3.0,患者側・供給側とも低い
18,福井県,1.3333333333333333,1.0,79.89999999999999,0.05467814863591287,20.0,2,5.432,19.0,39.0,20.0,患者側低い・供給側高
02,青森県,1.3333333333333333,1.9,72.36666666666667,0.030230717128695333,5.833333333333333,2,2.795,19.0,29.0,5.833333333333333,患者側低い・供給側高
09,栃木県,1.3,0.7999999999999999,81.8,0.03934649216456627,13.166666666666666,2,7.02,16.0,32.0,13.166666666666666,患者側低い・供給側高
32,島根県,1.3,1.4,77.10000000000001,0.12466434684028767,26.333333333333332,2,3.87,16.0,46.0,26.333333333333332,患者側低い・供給側高
41,佐賀県,1.3,0.9999999999999999,79.96666666666665,0.025782692416222535,3.1666666666666665,2,6.138000000000001,16.0,21.0,3.1666666666666665,患者側・供給側とも低い
43,熊本県,1.2666666666666666,0.8999999999999999,76.60000000000001,0.07271032894049684,23.166666666666668,3,4.368,14.0,44.0,23.166666666666668,患者側低い・供給側高
17,石川県,1.1666666666666667,0.4999999999999999,81.96666666666667,0.03732666500460887,15.666666666666666,2,7.551,13.0,31.0,15.666666666666666,患者側低い・供給側高
06,山形県,1.1666666666666665,1.9999999999999998,75.46666666666667,0.04178801949669594,18.833333333333332,2,2.391,12.0,35.0,18.833333333333332,患者側低い・供給側高
35,山口県,1.1333333333333333,0.4999999999999999,78.13333333333334,0.0094846460676474,-11.666666666666666,3,6.255,11.0,2.0,11.666666666666666,患者側・供給側とも低い
38,愛媛県,1.1,1.0,79.36666666666667,0.017642868075480267,-1.5,3,3.78,10.0,9.0,1.5,患者側・供給側とも低い
39,高知県,1.0999999999999999,0.9000000000000001,76.13333333333333,0.0174392569738496,-2.8333333333333335,3,3.682,9.0,8.0,2.8333333333333335,患者側・供給側とも低い
37,香川県,1.0666666666666667,1.2,80.7,0.0034057082670568336,-12.166666666666666,3,2.118,7.5,1.0,12.166666666666666,患者側・供給側とも低い
42,長崎県,1.0666666666666667,0.10000000000000009,77.83333333333333,0.012274663070601067,-8.833333333333334,3,5.04,7.5,4.0,8.833333333333334,患者側・供給側とも低い
05,秋田県,0.9666666666666668,1.3,73.3,0.020194489599128434,2.5,2,2.136,6.0,13.0,2.5,患者側・供給側とも低い
16,富山県,0.9666666666666667,0.7,80.53333333333333,0.0241296858327332,8.166666666666666,2,6.3,5.0,18.0,8.166666666666666,患者側・供給側とも低い
44,大分県,0.9,0.9,78.13333333333334,0.021886854007601802,6.666666666666667,3,3.108,3.5,15.0,6.666666666666667,患者側・供給側とも低い
03,岩手県,0.9,0.7000000000000001,70.73333333333333,0.027700121338496697,11.166666666666666,3,3.39,3.5,24.0,11.166666666666666,患者側低い・供給側高
15,新潟県,0.8333333333333334,0.40000000000000013,78.46666666666667,0.026621147829078862,8.333333333333334,3,4.907,2.0,23.0,8.333333333333334,患者側・供給側とも低い
46,鹿児島県,0.8000000000000002,0.7000000000000001,77.8,0.02085654239443027,6.333333333333333,3,1.9160000000000001,1.0,14.0,6.333333333333333,患者側・供給側とも低い
